--------------------------------------------------------
--  File created - Saturday-May-26-2018   
--------------------------------------------------------
--------------------------------------------------------
--  DDL for Type REFADDR
--------------------------------------------------------

  CREATE OR REPLACE TYPE "REFADDR" AS OBJECT (
  road  VARCHAR2(200),
  house    VARCHAR2(200),
  city   varCHAR2(20),
country   varCHAR2(20),
  postal_code     VARCHAR2(20)
  ) 

/
--------------------------------------------------------
--  DDL for Sequence ASSETID_SEQUENCE
--------------------------------------------------------

   CREATE SEQUENCE  "ASSETID_SEQUENCE"  MINVALUE 1 MAXVALUE 1000000 INCREMENT BY 1 START WITH 61 CACHE 20 NOORDER  NOCYCLE ;
--------------------------------------------------------
--  DDL for Sequence BRANCHID_SEQUENCE
--------------------------------------------------------

   CREATE SEQUENCE  "BRANCHID_SEQUENCE"  MINVALUE 1 MAXVALUE 1000000 INCREMENT BY 1 START WITH 81 CACHE 20 NOORDER  NOCYCLE ;
--------------------------------------------------------
--  DDL for Sequence EXPTRANSID_SEQUENCE
--------------------------------------------------------

   CREATE SEQUENCE  "EXPTRANSID_SEQUENCE"  MINVALUE 1 MAXVALUE 1000000 INCREMENT BY 1 START WITH 41 CACHE 20 NOORDER  NOCYCLE ;
--------------------------------------------------------
--  DDL for Sequence PERSONID_SEQUENCE
--------------------------------------------------------

   CREATE SEQUENCE  "PERSONID_SEQUENCE"  MINVALUE 1 MAXVALUE 1000000 INCREMENT BY 1 START WITH 201 CACHE 20 NOORDER  NOCYCLE ;
--------------------------------------------------------
--  DDL for Sequence PROJECTID_SEQUENCE
--------------------------------------------------------

   CREATE SEQUENCE  "PROJECTID_SEQUENCE"  MINVALUE 1 MAXVALUE 1000000 INCREMENT BY 1 START WITH 101 CACHE 20 NOORDER  NOCYCLE ;
--------------------------------------------------------
--  DDL for Sequence PUBLICATIONID_SEQUENCE
--------------------------------------------------------

   CREATE SEQUENCE  "PUBLICATIONID_SEQUENCE"  MINVALUE 1 MAXVALUE 1000000 INCREMENT BY 1 START WITH 101 CACHE 20 NOORDER  NOCYCLE ;
--------------------------------------------------------
--  DDL for Sequence REFID_SEQUENCE
--------------------------------------------------------

   CREATE SEQUENCE  "REFID_SEQUENCE"  MINVALUE 1 MAXVALUE 1000000 INCREMENT BY 1 START WITH 61 CACHE 20 NOORDER  NOCYCLE ;
--------------------------------------------------------
--  DDL for Table ASSETS
--------------------------------------------------------

  CREATE TABLE "ASSETS" 
   (	"ASSET_ID" VARCHAR2(30 BYTE), 
	"ASSET_TYPE" VARCHAR2(30 BYTE), 
	"BUYING_DATE" DATE, 
	"QUANTITY" NUMBER(30,0), 
	"TOTAL_PRICE" NUMBER(30,0)
   ) SEGMENT CREATION IMMEDIATE 
  PCTFREE 10 PCTUSED 40 INITRANS 1 MAXTRANS 255 NOCOMPRESS LOGGING
  STORAGE(INITIAL 65536 NEXT 1048576 MINEXTENTS 1 MAXEXTENTS 2147483645
  PCTINCREASE 0 FREELISTS 1 FREELIST GROUPS 1 BUFFER_POOL DEFAULT FLASH_CACHE DEFAULT CELL_FLASH_CACHE DEFAULT)
  TABLESPACE "USERS" ;
--------------------------------------------------------
--  DDL for Table BENEFICIARIES
--------------------------------------------------------

  CREATE TABLE "BENEFICIARIES" 
   (	"PERSON_ID" VARCHAR2(30 BYTE), 
	"LIMITATIONS" VARCHAR2(40 BYTE), 
	"PRESENT_STATUS" VARCHAR2(40 BYTE), 
	"BLOOD_PRESSURE" VARCHAR2(30 BYTE), 
	"SUGAR_LEVEL" VARCHAR2(30 BYTE)
   ) SEGMENT CREATION IMMEDIATE 
  PCTFREE 10 PCTUSED 40 INITRANS 1 MAXTRANS 255 NOCOMPRESS LOGGING
  STORAGE(INITIAL 65536 NEXT 1048576 MINEXTENTS 1 MAXEXTENTS 2147483645
  PCTINCREASE 0 FREELISTS 1 FREELIST GROUPS 1 BUFFER_POOL DEFAULT FLASH_CACHE DEFAULT CELL_FLASH_CACHE DEFAULT)
  TABLESPACE "USERS" ;
--------------------------------------------------------
--  DDL for Table BRANCH
--------------------------------------------------------

  CREATE TABLE "BRANCH" 
   (	"BR_ID" VARCHAR2(30 BYTE), 
	"BR_NAME" VARCHAR2(40 BYTE), 
	"O_FUND" NUMBER(30,0), 
	"BR_SENIOR" VARCHAR2(40 BYTE), 
	"ROAD" VARCHAR2(20 BYTE), 
	"HOUSE" VARCHAR2(20 BYTE), 
	"CITY" VARCHAR2(30 BYTE), 
	"COUNTRY" VARCHAR2(20 BYTE), 
	"POSTAL_CODE" VARCHAR2(20 BYTE), 
	"EMAIL_ID" VARCHAR2(20 BYTE), 
	"PHONE" VARCHAR2(20 BYTE)
   ) SEGMENT CREATION IMMEDIATE 
  PCTFREE 10 PCTUSED 40 INITRANS 1 MAXTRANS 255 NOCOMPRESS LOGGING
  STORAGE(INITIAL 65536 NEXT 1048576 MINEXTENTS 1 MAXEXTENTS 2147483645
  PCTINCREASE 0 FREELISTS 1 FREELIST GROUPS 1 BUFFER_POOL DEFAULT FLASH_CACHE DEFAULT CELL_FLASH_CACHE DEFAULT)
  TABLESPACE "USERS" ;
--------------------------------------------------------
--  DDL for Table BRANCH_ASSET
--------------------------------------------------------

  CREATE TABLE "BRANCH_ASSET" 
   (	"ASSET_ID" VARCHAR2(30 BYTE), 
	"BR_ID" VARCHAR2(30 BYTE)
   ) SEGMENT CREATION IMMEDIATE 
  PCTFREE 10 PCTUSED 40 INITRANS 1 MAXTRANS 255 NOCOMPRESS LOGGING
  STORAGE(INITIAL 65536 NEXT 1048576 MINEXTENTS 1 MAXEXTENTS 2147483645
  PCTINCREASE 0 FREELISTS 1 FREELIST GROUPS 1 BUFFER_POOL DEFAULT FLASH_CACHE DEFAULT CELL_FLASH_CACHE DEFAULT)
  TABLESPACE "USERS" ;
--------------------------------------------------------
--  DDL for Table BRANCH_EXPENSE
--------------------------------------------------------

  CREATE TABLE "BRANCH_EXPENSE" 
   (	"BR_ID" VARCHAR2(30 BYTE), 
	"EXPTRANS_ID" VARCHAR2(30 BYTE)
   ) SEGMENT CREATION IMMEDIATE 
  PCTFREE 10 PCTUSED 40 INITRANS 1 MAXTRANS 255 NOCOMPRESS LOGGING
  STORAGE(INITIAL 65536 NEXT 1048576 MINEXTENTS 1 MAXEXTENTS 2147483645
  PCTINCREASE 0 FREELISTS 1 FREELIST GROUPS 1 BUFFER_POOL DEFAULT FLASH_CACHE DEFAULT CELL_FLASH_CACHE DEFAULT)
  TABLESPACE "USERS" ;
--------------------------------------------------------
--  DDL for Table BRANCH_PROJECT
--------------------------------------------------------

  CREATE TABLE "BRANCH_PROJECT" 
   (	"P_ID" VARCHAR2(30 BYTE), 
	"BR_ID" VARCHAR2(30 BYTE)
   ) SEGMENT CREATION IMMEDIATE 
  PCTFREE 10 PCTUSED 40 INITRANS 1 MAXTRANS 255 NOCOMPRESS LOGGING
  STORAGE(INITIAL 65536 NEXT 1048576 MINEXTENTS 1 MAXEXTENTS 2147483645
  PCTINCREASE 0 FREELISTS 1 FREELIST GROUPS 1 BUFFER_POOL DEFAULT FLASH_CACHE DEFAULT CELL_FLASH_CACHE DEFAULT)
  TABLESPACE "USERS" ;
--------------------------------------------------------
--  DDL for Table BRANCH_PUBLICATION
--------------------------------------------------------

  CREATE TABLE "BRANCH_PUBLICATION" 
   (	"PUB_ID" VARCHAR2(30 BYTE), 
	"BR_ID" VARCHAR2(30 BYTE)
   ) SEGMENT CREATION IMMEDIATE 
  PCTFREE 10 PCTUSED 40 INITRANS 1 MAXTRANS 255 NOCOMPRESS LOGGING
  STORAGE(INITIAL 65536 NEXT 1048576 MINEXTENTS 1 MAXEXTENTS 2147483645
  PCTINCREASE 0 FREELISTS 1 FREELIST GROUPS 1 BUFFER_POOL DEFAULT FLASH_CACHE DEFAULT CELL_FLASH_CACHE DEFAULT)
  TABLESPACE "USERS" ;
--------------------------------------------------------
--  DDL for Table CURRENT_JOB
--------------------------------------------------------

  CREATE TABLE "CURRENT_JOB" 
   (	"PERSON_ID" VARCHAR2(30 BYTE), 
	"TYPE" VARCHAR2(30 BYTE), 
	"MONTHY_INCOME" NUMBER(30,0), 
	"NO_OF_WORKER" NUMBER(30,0), 
	"START_DT" DATE, 
	"END_DT" DATE, 
	"OFFICE_ADDR" VARCHAR2(30 BYTE)
   ) SEGMENT CREATION IMMEDIATE 
  PCTFREE 10 PCTUSED 40 INITRANS 1 MAXTRANS 255 NOCOMPRESS LOGGING
  STORAGE(INITIAL 65536 NEXT 1048576 MINEXTENTS 1 MAXEXTENTS 2147483645
  PCTINCREASE 0 FREELISTS 1 FREELIST GROUPS 1 BUFFER_POOL DEFAULT FLASH_CACHE DEFAULT CELL_FLASH_CACHE DEFAULT)
  TABLESPACE "USERS" ;
--------------------------------------------------------
--  DDL for Table DONAR
--------------------------------------------------------

  CREATE TABLE "DONAR" 
   (	"PERSON_ID" VARCHAR2(30 BYTE), 
	"TYPE_OF_DONAR" VARCHAR2(30 BYTE), 
	"DONATION_TYPE" VARCHAR2(30 BYTE), 
	"DATE_OF_DONATION" DATE, 
	"DONATION_AMOUNT" NUMBER
   ) SEGMENT CREATION IMMEDIATE 
  PCTFREE 10 PCTUSED 40 INITRANS 1 MAXTRANS 255 NOCOMPRESS LOGGING
  STORAGE(INITIAL 65536 NEXT 1048576 MINEXTENTS 1 MAXEXTENTS 2147483645
  PCTINCREASE 0 FREELISTS 1 FREELIST GROUPS 1 BUFFER_POOL DEFAULT FLASH_CACHE DEFAULT CELL_FLASH_CACHE DEFAULT)
  TABLESPACE "USERS" ;
--------------------------------------------------------
--  DDL for Table EDUCATION_QUAL
--------------------------------------------------------

  CREATE TABLE "EDUCATION_QUAL" 
   (	"PERSON_ID" VARCHAR2(30 BYTE), 
	"EXAM_NAME" VARCHAR2(30 BYTE), 
	"PASSING_YR" DATE, 
	"EXAMRESULT" NUMBER(10,0), 
	"EXAMGROUP" VARCHAR2(10 BYTE), 
	"BOARD_UNIVERSITY" VARCHAR2(40 BYTE), 
	"INST_UNIVERSITY" VARCHAR2(40 BYTE), 
	"EXAMSESSION" VARCHAR2(30 BYTE)
   ) SEGMENT CREATION IMMEDIATE 
  PCTFREE 10 PCTUSED 40 INITRANS 1 MAXTRANS 255 NOCOMPRESS LOGGING
  STORAGE(INITIAL 65536 NEXT 1048576 MINEXTENTS 1 MAXEXTENTS 2147483645
  PCTINCREASE 0 FREELISTS 1 FREELIST GROUPS 1 BUFFER_POOL DEFAULT FLASH_CACHE DEFAULT CELL_FLASH_CACHE DEFAULT)
  TABLESPACE "USERS" ;
--------------------------------------------------------
--  DDL for Table EMPLOYEE
--------------------------------------------------------

  CREATE TABLE "EMPLOYEE" 
   (	"PERSON_ID" VARCHAR2(30 BYTE), 
	"POSITION_RANK" VARCHAR2(40 BYTE), 
	"JOIN_DATE" DATE, 
	"END_DATE" DATE
   ) SEGMENT CREATION IMMEDIATE 
  PCTFREE 10 PCTUSED 40 INITRANS 1 MAXTRANS 255 NOCOMPRESS LOGGING
  STORAGE(INITIAL 65536 NEXT 1048576 MINEXTENTS 1 MAXEXTENTS 2147483645
  PCTINCREASE 0 FREELISTS 1 FREELIST GROUPS 1 BUFFER_POOL DEFAULT FLASH_CACHE DEFAULT CELL_FLASH_CACHE DEFAULT)
  TABLESPACE "USERS" ;
--------------------------------------------------------
--  DDL for Table EMPLOYEE_BRANCH
--------------------------------------------------------

  CREATE TABLE "EMPLOYEE_BRANCH" 
   (	"PERSON_ID" VARCHAR2(30 BYTE), 
	"BR_ID" VARCHAR2(30 BYTE)
   ) SEGMENT CREATION IMMEDIATE 
  PCTFREE 10 PCTUSED 40 INITRANS 1 MAXTRANS 255 NOCOMPRESS LOGGING
  STORAGE(INITIAL 65536 NEXT 1048576 MINEXTENTS 1 MAXEXTENTS 2147483645
  PCTINCREASE 0 FREELISTS 1 FREELIST GROUPS 1 BUFFER_POOL DEFAULT FLASH_CACHE DEFAULT CELL_FLASH_CACHE DEFAULT)
  TABLESPACE "USERS" ;
--------------------------------------------------------
--  DDL for Table EXPENDITURE
--------------------------------------------------------

  CREATE TABLE "EXPENDITURE" 
   (	"EXPTRANS_ID" VARCHAR2(30 BYTE), 
	"EXP_DATE" DATE, 
	"HOUSE_RENT" NUMBER(30,0), 
	"ELECTRICITY" NUMBER(30,0), 
	"WATER" NUMBER(30,0), 
	"INTERNET" NUMBER(30,0), 
	"OTHERS" NUMBER(30,0)
   ) SEGMENT CREATION IMMEDIATE 
  PCTFREE 10 PCTUSED 40 INITRANS 1 MAXTRANS 255 NOCOMPRESS LOGGING
  STORAGE(INITIAL 65536 NEXT 1048576 MINEXTENTS 1 MAXEXTENTS 2147483645
  PCTINCREASE 0 FREELISTS 1 FREELIST GROUPS 1 BUFFER_POOL DEFAULT FLASH_CACHE DEFAULT CELL_FLASH_CACHE DEFAULT)
  TABLESPACE "USERS" ;
--------------------------------------------------------
--  DDL for Table HEALTH_PROJ
--------------------------------------------------------

  CREATE TABLE "HEALTH_PROJ" 
   (	"P_ID" VARCHAR2(30 BYTE), 
	"GIVEN_SERVICE" VARCHAR2(40 BYTE), 
	"DONATED_MAT" VARCHAR2(40 BYTE), 
	"AMOUNT_MAT" VARCHAR2(40 BYTE)
   ) SEGMENT CREATION IMMEDIATE 
  PCTFREE 10 PCTUSED 40 INITRANS 1 MAXTRANS 255 NOCOMPRESS LOGGING
  STORAGE(INITIAL 65536 NEXT 1048576 MINEXTENTS 1 MAXEXTENTS 2147483645
  PCTINCREASE 0 FREELISTS 1 FREELIST GROUPS 1 BUFFER_POOL DEFAULT FLASH_CACHE DEFAULT CELL_FLASH_CACHE DEFAULT)
  TABLESPACE "USERS" ;
--------------------------------------------------------
--  DDL for Table LOGIN
--------------------------------------------------------

  CREATE TABLE "LOGIN" 
   (	"USERNAME" VARCHAR2(255 BYTE), 
	"PASSWORD" VARCHAR2(255 BYTE)
   ) SEGMENT CREATION IMMEDIATE 
  PCTFREE 10 PCTUSED 40 INITRANS 1 MAXTRANS 255 NOCOMPRESS LOGGING
  STORAGE(INITIAL 65536 NEXT 1048576 MINEXTENTS 1 MAXEXTENTS 2147483645
  PCTINCREASE 0 FREELISTS 1 FREELIST GROUPS 1 BUFFER_POOL DEFAULT FLASH_CACHE DEFAULT CELL_FLASH_CACHE DEFAULT)
  TABLESPACE "USERS" ;
--------------------------------------------------------
--  DDL for Table LOGIN_INDEX
--------------------------------------------------------

  CREATE TABLE "LOGIN_INDEX" 
   (	"LOGIN_INDEX" VARCHAR2(4 BYTE)
   ) SEGMENT CREATION IMMEDIATE 
  PCTFREE 10 PCTUSED 40 INITRANS 1 MAXTRANS 255 NOCOMPRESS LOGGING
  STORAGE(INITIAL 65536 NEXT 1048576 MINEXTENTS 1 MAXEXTENTS 2147483645
  PCTINCREASE 0 FREELISTS 1 FREELIST GROUPS 1 BUFFER_POOL DEFAULT FLASH_CACHE DEFAULT CELL_FLASH_CACHE DEFAULT)
  TABLESPACE "USERS" ;
--------------------------------------------------------
--  DDL for Table PERSON
--------------------------------------------------------

  CREATE TABLE "PERSON" 
   (	"PERSON_ID" VARCHAR2(35 BYTE), 
	"F_NAME" VARCHAR2(25 BYTE), 
	"L_NAME" VARCHAR2(25 BYTE), 
	"DOB" DATE, 
	"ROAD" VARCHAR2(30 BYTE), 
	"HOUSE" VARCHAR2(30 BYTE), 
	"CITY" VARCHAR2(30 BYTE), 
	"COUNTRY" VARCHAR2(20 BYTE), 
	"NID" VARCHAR2(20 BYTE), 
	"DIV_LICENSE" VARCHAR2(25 BYTE), 
	"PASSPORT" VARCHAR2(40 BYTE), 
	"TIN" VARCHAR2(40 BYTE), 
	"GENDER" VARCHAR2(10 BYTE), 
	"EMAIL_ID" VARCHAR2(50 BYTE), 
	"RELIGION" VARCHAR2(10 BYTE), 
	"NATIONALITY" VARCHAR2(20 BYTE), 
	"BIRTH_CERTIFICATE" VARCHAR2(30 BYTE), 
	"POSTAL_CODE" VARCHAR2(20 BYTE), 
	"BANK_ACCT_NO" VARCHAR2(30 BYTE), 
	"BANK_ADDRESS" VARCHAR2(30 BYTE), 
	"FATHER_NAME" VARCHAR2(40 BYTE), 
	"MOTHER_NAME" VARCHAR2(40 BYTE), 
	"FATHER_OCCU" VARCHAR2(30 BYTE), 
	"FATHERS_SALARY" VARCHAR2(30 BYTE), 
	"SPOUSE" VARCHAR2(40 BYTE), 
	"ANNIVERSARY" VARCHAR2(30 BYTE), 
	"CHILDNUM" NUMBER(10,0), 
	"SPOUSE_PROF" VARCHAR2(30 BYTE), 
	"BLOOD_GP" VARCHAR2(10 BYTE), 
	"HEIGHT" VARCHAR2(20 BYTE), 
	"WEIGHT" VARCHAR2(20 BYTE), 
	"BANK_NAME" VARCHAR2(20 BYTE), 
	"PICTURE" BLOB
   ) SEGMENT CREATION IMMEDIATE 
  PCTFREE 10 PCTUSED 40 INITRANS 1 MAXTRANS 255 NOCOMPRESS LOGGING
  STORAGE(INITIAL 65536 NEXT 1048576 MINEXTENTS 1 MAXEXTENTS 2147483645
  PCTINCREASE 0 FREELISTS 1 FREELIST GROUPS 1 BUFFER_POOL DEFAULT FLASH_CACHE DEFAULT CELL_FLASH_CACHE DEFAULT)
  TABLESPACE "USERS" 
 LOB ("PICTURE") STORE AS BASICFILE (
  TABLESPACE "USERS" ENABLE STORAGE IN ROW CHUNK 8192 RETENTION 
  NOCACHE LOGGING 
  STORAGE(INITIAL 65536 NEXT 1048576 MINEXTENTS 1 MAXEXTENTS 2147483645
  PCTINCREASE 0 FREELISTS 1 FREELIST GROUPS 1 BUFFER_POOL DEFAULT FLASH_CACHE DEFAULT CELL_FLASH_CACHE DEFAULT)) ;
--------------------------------------------------------
--  DDL for Table PERSON_PROJECT
--------------------------------------------------------

  CREATE TABLE "PERSON_PROJECT" 
   (	"P_ID" VARCHAR2(30 BYTE), 
	"PERSON_ID" VARCHAR2(30 BYTE)
   ) SEGMENT CREATION IMMEDIATE 
  PCTFREE 10 PCTUSED 40 INITRANS 1 MAXTRANS 255 NOCOMPRESS LOGGING
  STORAGE(INITIAL 65536 NEXT 1048576 MINEXTENTS 1 MAXEXTENTS 2147483645
  PCTINCREASE 0 FREELISTS 1 FREELIST GROUPS 1 BUFFER_POOL DEFAULT FLASH_CACHE DEFAULT CELL_FLASH_CACHE DEFAULT)
  TABLESPACE "USERS" ;
--------------------------------------------------------
--  DDL for Table PERSON_PUBLICATION
--------------------------------------------------------

  CREATE TABLE "PERSON_PUBLICATION" 
   (	"PUB_ID" VARCHAR2(30 BYTE), 
	"PERSON_ID" VARCHAR2(30 BYTE)
   ) SEGMENT CREATION IMMEDIATE 
  PCTFREE 10 PCTUSED 40 INITRANS 1 MAXTRANS 255 NOCOMPRESS LOGGING
  STORAGE(INITIAL 65536 NEXT 1048576 MINEXTENTS 1 MAXEXTENTS 2147483645
  PCTINCREASE 0 FREELISTS 1 FREELIST GROUPS 1 BUFFER_POOL DEFAULT FLASH_CACHE DEFAULT CELL_FLASH_CACHE DEFAULT)
  TABLESPACE "USERS" ;
--------------------------------------------------------
--  DDL for Table PHONE
--------------------------------------------------------

  CREATE TABLE "PHONE" 
   (	"PHONE" VARCHAR2(20 BYTE), 
	"PERSON_ID" VARCHAR2(30 BYTE)
   ) SEGMENT CREATION IMMEDIATE 
  PCTFREE 10 PCTUSED 40 INITRANS 1 MAXTRANS 255 NOCOMPRESS LOGGING
  STORAGE(INITIAL 65536 NEXT 1048576 MINEXTENTS 1 MAXEXTENTS 2147483645
  PCTINCREASE 0 FREELISTS 1 FREELIST GROUPS 1 BUFFER_POOL DEFAULT FLASH_CACHE DEFAULT CELL_FLASH_CACHE DEFAULT)
  TABLESPACE "USERS" ;
--------------------------------------------------------
--  DDL for Table PROJECT
--------------------------------------------------------

  CREATE TABLE "PROJECT" 
   (	"P_ID" VARCHAR2(30 BYTE), 
	"P_NAME" VARCHAR2(40 BYTE), 
	"START_DATE" DATE, 
	"END_DATE" DATE, 
	"ROAD" VARCHAR2(30 BYTE), 
	"HOUSE" VARCHAR2(30 BYTE), 
	"CITY" VARCHAR2(30 BYTE), 
	"COUNTRY" VARCHAR2(20 BYTE), 
	"POSTAL_CODE" VARCHAR2(20 BYTE), 
	"BUDGET" NUMBER(30,0), 
	"PROJ_COORD" VARCHAR2(50 BYTE), 
	"P_FUND" NUMBER(30,0)
   ) SEGMENT CREATION IMMEDIATE 
  PCTFREE 10 PCTUSED 40 INITRANS 1 MAXTRANS 255 NOCOMPRESS LOGGING
  STORAGE(INITIAL 65536 NEXT 1048576 MINEXTENTS 1 MAXEXTENTS 2147483645
  PCTINCREASE 0 FREELISTS 1 FREELIST GROUPS 1 BUFFER_POOL DEFAULT FLASH_CACHE DEFAULT CELL_FLASH_CACHE DEFAULT)
  TABLESPACE "USERS" ;
--------------------------------------------------------
--  DDL for Table PROJECT_ASSET
--------------------------------------------------------

  CREATE TABLE "PROJECT_ASSET" 
   (	"ASSET_ID" VARCHAR2(30 BYTE), 
	"P_ID" VARCHAR2(30 BYTE)
   ) SEGMENT CREATION IMMEDIATE 
  PCTFREE 10 PCTUSED 40 INITRANS 1 MAXTRANS 255 NOCOMPRESS LOGGING
  STORAGE(INITIAL 65536 NEXT 1048576 MINEXTENTS 1 MAXEXTENTS 2147483645
  PCTINCREASE 0 FREELISTS 1 FREELIST GROUPS 1 BUFFER_POOL DEFAULT FLASH_CACHE DEFAULT CELL_FLASH_CACHE DEFAULT)
  TABLESPACE "USERS" ;
--------------------------------------------------------
--  DDL for Table PROJECT_EXPENDITURE
--------------------------------------------------------

  CREATE TABLE "PROJECT_EXPENDITURE" 
   (	"P_ID" VARCHAR2(30 BYTE), 
	"EXPTRANS_ID" VARCHAR2(30 BYTE)
   ) SEGMENT CREATION IMMEDIATE 
  PCTFREE 10 PCTUSED 40 INITRANS 1 MAXTRANS 255 NOCOMPRESS LOGGING
  STORAGE(INITIAL 65536 NEXT 1048576 MINEXTENTS 1 MAXEXTENTS 2147483645
  PCTINCREASE 0 FREELISTS 1 FREELIST GROUPS 1 BUFFER_POOL DEFAULT FLASH_CACHE DEFAULT CELL_FLASH_CACHE DEFAULT)
  TABLESPACE "USERS" ;
--------------------------------------------------------
--  DDL for Table PROJ_TRAINING
--------------------------------------------------------

  CREATE TABLE "PROJ_TRAINING" 
   (	"P_ID" VARCHAR2(30 BYTE), 
	"T_TYPE" VARCHAR2(30 BYTE), 
	"STUDENT_NO" NUMBER(20,0)
   ) SEGMENT CREATION IMMEDIATE 
  PCTFREE 10 PCTUSED 40 INITRANS 1 MAXTRANS 255 NOCOMPRESS LOGGING
  STORAGE(INITIAL 65536 NEXT 1048576 MINEXTENTS 1 MAXEXTENTS 2147483645
  PCTINCREASE 0 FREELISTS 1 FREELIST GROUPS 1 BUFFER_POOL DEFAULT FLASH_CACHE DEFAULT CELL_FLASH_CACHE DEFAULT)
  TABLESPACE "USERS" ;
--------------------------------------------------------
--  DDL for Table PUBLICATION
--------------------------------------------------------

  CREATE TABLE "PUBLICATION" 
   (	"PUB_ID" VARCHAR2(30 BYTE), 
	"PUB_NAME" VARCHAR2(40 BYTE), 
	"PUB_DATE" DATE, 
	"PUBLISHER" VARCHAR2(40 BYTE), 
	"PUB_TYPE" VARCHAR2(40 BYTE)
   ) SEGMENT CREATION IMMEDIATE 
  PCTFREE 10 PCTUSED 40 INITRANS 1 MAXTRANS 255 NOCOMPRESS LOGGING
  STORAGE(INITIAL 65536 NEXT 1048576 MINEXTENTS 1 MAXEXTENTS 2147483645
  PCTINCREASE 0 FREELISTS 1 FREELIST GROUPS 1 BUFFER_POOL DEFAULT FLASH_CACHE DEFAULT CELL_FLASH_CACHE DEFAULT)
  TABLESPACE "USERS" ;
--------------------------------------------------------
--  DDL for Table REF_RELATION
--------------------------------------------------------

  CREATE TABLE "REF_RELATION" 
   (	"PERSON_ID" VARCHAR2(30 BYTE), 
	"REF_ID" VARCHAR2(30 BYTE), 
	"REF_NAME" VARCHAR2(30 BYTE), 
	"REF_EMAIL" VARCHAR2(30 BYTE), 
	"REF_PHONE_NO" VARCHAR2(30 BYTE), 
	"REFADDRESS" "REFADDR" 
   ) SEGMENT CREATION IMMEDIATE 
  PCTFREE 10 PCTUSED 40 INITRANS 1 MAXTRANS 255 NOCOMPRESS LOGGING
  STORAGE(INITIAL 65536 NEXT 1048576 MINEXTENTS 1 MAXEXTENTS 2147483645
  PCTINCREASE 0 FREELISTS 1 FREELIST GROUPS 1 BUFFER_POOL DEFAULT FLASH_CACHE DEFAULT CELL_FLASH_CACHE DEFAULT)
  TABLESPACE "USERS" ;
--------------------------------------------------------
--  DDL for Table SALARY
--------------------------------------------------------

  CREATE TABLE "SALARY" 
   (	"ACCOUNT" VARCHAR2(30 BYTE), 
	"BONUS_AMOUNT" NUMBER(30,0), 
	"B_DATE" DATE, 
	"BONUS_NAME" VARCHAR2(30 BYTE), 
	"BASIC_PAY" NUMBER(30,0), 
	"HOUSE_ALICE" NUMBER(30,0), 
	"UTSOB_ALICE" NUMBER(30,0), 
	"GOVT_TAX" NUMBER(30,0), 
	"MED_ALICE" NUMBER(30,0), 
	"PROV_FUND_CUTTING" NUMBER(30,0)
   ) SEGMENT CREATION IMMEDIATE 
  PCTFREE 10 PCTUSED 40 INITRANS 1 MAXTRANS 255 NOCOMPRESS LOGGING
  STORAGE(INITIAL 65536 NEXT 1048576 MINEXTENTS 1 MAXEXTENTS 2147483645
  PCTINCREASE 0 FREELISTS 1 FREELIST GROUPS 1 BUFFER_POOL DEFAULT FLASH_CACHE DEFAULT CELL_FLASH_CACHE DEFAULT)
  TABLESPACE "USERS" ;
--------------------------------------------------------
--  DDL for Table TRAINER
--------------------------------------------------------

  CREATE TABLE "TRAINER" 
   (	"PERSON_ID" VARCHAR2(30 BYTE), 
	"JOIN_DATE" DATE, 
	"END_DATE" DATE
   ) SEGMENT CREATION IMMEDIATE 
  PCTFREE 10 PCTUSED 40 INITRANS 1 MAXTRANS 255 NOCOMPRESS LOGGING
  STORAGE(INITIAL 65536 NEXT 1048576 MINEXTENTS 1 MAXEXTENTS 2147483645
  PCTINCREASE 0 FREELISTS 1 FREELIST GROUPS 1 BUFFER_POOL DEFAULT FLASH_CACHE DEFAULT CELL_FLASH_CACHE DEFAULT)
  TABLESPACE "USERS" ;
--------------------------------------------------------
--  DDL for Table TRAINING
--------------------------------------------------------

  CREATE TABLE "TRAINING" 
   (	"PERSON_ID" VARCHAR2(35 BYTE), 
	"TRAINING_NAME" VARCHAR2(40 BYTE), 
	"ORG_NAME" VARCHAR2(40 BYTE), 
	"ORG_ADDR" VARCHAR2(40 BYTE), 
	"TRAININGRESULT" VARCHAR2(10 BYTE), 
	"DURATION" NUMBER(20,0), 
	"TRAININGSESSION" VARCHAR2(30 BYTE)
   ) SEGMENT CREATION IMMEDIATE 
  PCTFREE 10 PCTUSED 40 INITRANS 1 MAXTRANS 255 NOCOMPRESS LOGGING
  STORAGE(INITIAL 65536 NEXT 1048576 MINEXTENTS 1 MAXEXTENTS 2147483645
  PCTINCREASE 0 FREELISTS 1 FREELIST GROUPS 1 BUFFER_POOL DEFAULT FLASH_CACHE DEFAULT CELL_FLASH_CACHE DEFAULT)
  TABLESPACE "USERS" ;
--------------------------------------------------------
--  DDL for Table VOLUNTEER
--------------------------------------------------------

  CREATE TABLE "VOLUNTEER" 
   (	"PERSON_ID" VARCHAR2(30 BYTE)
   ) SEGMENT CREATION IMMEDIATE 
  PCTFREE 10 PCTUSED 40 INITRANS 1 MAXTRANS 255 NOCOMPRESS LOGGING
  STORAGE(INITIAL 65536 NEXT 1048576 MINEXTENTS 1 MAXEXTENTS 2147483645
  PCTINCREASE 0 FREELISTS 1 FREELIST GROUPS 1 BUFFER_POOL DEFAULT FLASH_CACHE DEFAULT CELL_FLASH_CACHE DEFAULT)
  TABLESPACE "USERS" ;
--------------------------------------------------------
--  DDL for Table WOMEN_EMP_SEMINAR
--------------------------------------------------------

  CREATE TABLE "WOMEN_EMP_SEMINAR" 
   (	"P_ID" VARCHAR2(30 BYTE), 
	"SEMINAR_SUBJ" VARCHAR2(40 BYTE), 
	"CHIEF_GUEST" VARCHAR2(40 BYTE), 
	"SPECIAL_GUEST" VARCHAR2(40 BYTE)
   ) SEGMENT CREATION IMMEDIATE 
  PCTFREE 10 PCTUSED 40 INITRANS 1 MAXTRANS 255 NOCOMPRESS LOGGING
  STORAGE(INITIAL 65536 NEXT 1048576 MINEXTENTS 1 MAXEXTENTS 2147483645
  PCTINCREASE 0 FREELISTS 1 FREELIST GROUPS 1 BUFFER_POOL DEFAULT FLASH_CACHE DEFAULT CELL_FLASH_CACHE DEFAULT)
  TABLESPACE "USERS" ;
--------------------------------------------------------
--  DDL for Table W_MICRO_CREDIT
--------------------------------------------------------

  CREATE TABLE "W_MICRO_CREDIT" 
   (	"P_ID" VARCHAR2(30 BYTE), 
	"NUM_INSTALLMENT" VARCHAR2(30 BYTE), 
	"DURATION" NUMBER(30,0), 
	"RATE" NUMBER(30,0), 
	"AMOUNT" NUMBER(30,0)
   ) SEGMENT CREATION IMMEDIATE 
  PCTFREE 10 PCTUSED 40 INITRANS 1 MAXTRANS 255 NOCOMPRESS LOGGING
  STORAGE(INITIAL 65536 NEXT 1048576 MINEXTENTS 1 MAXEXTENTS 2147483645
  PCTINCREASE 0 FREELISTS 1 FREELIST GROUPS 1 BUFFER_POOL DEFAULT FLASH_CACHE DEFAULT CELL_FLASH_CACHE DEFAULT)
  TABLESPACE "USERS" ;
--------------------------------------------------------
--  DDL for View BRANCHEXPANSESUM
--------------------------------------------------------

  CREATE OR REPLACE FORCE VIEW "BRANCHEXPANSESUM" ("Branch ID", "Total House Rent Cost", "Total Electricity Cost", "Total Water Cost", "Total Internet Cost", "Total Others Cost") AS 
  SELECT Branch_Expense.Br_Id,Sum(House_rent),SUM(Electricity),SUM(Water),SUm(Internet),SUm(Others) FROM Expenditure,Branch_Expense WHERE Expenditure.ExpTrans_id=Branch_Expense.ExpTrans_id GROUP BY(Br_iD)
;
--------------------------------------------------------
--  DDL for View PROJECTEXPANSESUM
--------------------------------------------------------

  CREATE OR REPLACE FORCE VIEW "PROJECTEXPANSESUM" ("Project ID", "Total House Rent Cost", "Total Electricity Cost", "Total Water Cost", "Total Internet Cost", "Total Others Cost") AS 
  SELECT Project_Expenditure.P_Id,Sum(House_rent),SUM(Electricity),SUM(Water),SUm(Internet),SUm(Others) FROM Expenditure,Project_Expenditure WHERE Expenditure.ExpTrans_id=Project_Expenditure.ExpTrans_id GROUP BY(p_iD)
;
REM INSERTING into ASSETS
SET DEFINE OFF;
Insert into ASSETS (ASSET_ID,ASSET_TYPE,BUYING_DATE,QUANTITY,TOTAL_PRICE) values ('1','kdfj',to_date('19-OCT-17','DD-MON-RR'),6,58);
Insert into ASSETS (ASSET_ID,ASSET_TYPE,BUYING_DATE,QUANTITY,TOTAL_PRICE) values ('41','rgrfg',to_date('29-APR-18','DD-MON-RR'),3,4);
Insert into ASSETS (ASSET_ID,ASSET_TYPE,BUYING_DATE,QUANTITY,TOTAL_PRICE) values ('42','Laptop',to_date('01-MAY-18','DD-MON-RR'),4,88888);
REM INSERTING into BENEFICIARIES
SET DEFINE OFF;
Insert into BENEFICIARIES (PERSON_ID,LIMITATIONS,PRESENT_STATUS,BLOOD_PRESSURE,SUGAR_LEVEL) values ('142','sdfds','dfsd','3','4');
Insert into BENEFICIARIES (PERSON_ID,LIMITATIONS,PRESENT_STATUS,BLOOD_PRESSURE,SUGAR_LEVEL) values ('124','dfgdf','dfgh','54','34');
Insert into BENEFICIARIES (PERSON_ID,LIMITATIONS,PRESENT_STATUS,BLOOD_PRESSURE,SUGAR_LEVEL) values ('161','dgd','fghfghd','34','45');
Insert into BENEFICIARIES (PERSON_ID,LIMITATIONS,PRESENT_STATUS,BLOOD_PRESSURE,SUGAR_LEVEL) values ('163','sdfsdf','dgd','33','44');
Insert into BENEFICIARIES (PERSON_ID,LIMITATIONS,PRESENT_STATUS,BLOOD_PRESSURE,SUGAR_LEVEL) values ('165','fdev','dfvrb','23','34');
Insert into BENEFICIARIES (PERSON_ID,LIMITATIONS,PRESENT_STATUS,BLOOD_PRESSURE,SUGAR_LEVEL) values ('168','fcgdf','fgchf','22','33');
Insert into BENEFICIARIES (PERSON_ID,LIMITATIONS,PRESENT_STATUS,BLOOD_PRESSURE,SUGAR_LEVEL) values ('82','gfvrfgv','ftrfgvtgv','448','45');
Insert into BENEFICIARIES (PERSON_ID,LIMITATIONS,PRESENT_STATUS,BLOOD_PRESSURE,SUGAR_LEVEL) values ('1','dfvsr','dfsgvdf','32','33');
Insert into BENEFICIARIES (PERSON_ID,LIMITATIONS,PRESENT_STATUS,BLOOD_PRESSURE,SUGAR_LEVEL) values ('101','fgrtbh','trhrth','34','54');
REM INSERTING into BRANCH
SET DEFINE OFF;
Insert into BRANCH (BR_ID,BR_NAME,O_FUND,BR_SENIOR,ROAD,HOUSE,CITY,COUNTRY,POSTAL_CODE,EMAIL_ID,PHONE) values ('21','yfhtyv',4545,'vhbghn','fg','56','yhjn','ghnhg','555','gg@ww.lol','56756');
Insert into BRANCH (BR_ID,BR_NAME,O_FUND,BR_SENIOR,ROAD,HOUSE,CITY,COUNTRY,POSTAL_CODE,EMAIL_ID,PHONE) values ('22','yfhtyv',4545,'vhbghn','fg','56','yhjn','ghnhg','555','gg@ww.lol','56756');
Insert into BRANCH (BR_ID,BR_NAME,O_FUND,BR_SENIOR,ROAD,HOUSE,CITY,COUNTRY,POSTAL_CODE,EMAIL_ID,PHONE) values ('41','DFGDF',54654,'FGDFG','fgd','4','fg','dfg','5675','fdd@fd.yhj','54654');
Insert into BRANCH (BR_ID,BR_NAME,O_FUND,BR_SENIOR,ROAD,HOUSE,CITY,COUNTRY,POSTAL_CODE,EMAIL_ID,PHONE) values ('61','fgdf',56,'dfghdfg','4','654','dsfgsd','sdfgsd','1234','fdd@fd.yhj','56546');
Insert into BRANCH (BR_ID,BR_NAME,O_FUND,BR_SENIOR,ROAD,HOUSE,CITY,COUNTRY,POSTAL_CODE,EMAIL_ID,PHONE) values ('62','fdgdf',884,'bhc','dd','34','sdfsd','sdfgsdf','345','sdf@rtg.ujk','54654654');
Insert into BRANCH (BR_ID,BR_NAME,O_FUND,BR_SENIOR,ROAD,HOUSE,CITY,COUNTRY,POSTAL_CODE,EMAIL_ID,PHONE) values ('1','kdfj',33,'err','gfh','f58','sdfg','ftdh','1205','jk.lol@gt.lol','5464');
REM INSERTING into BRANCH_ASSET
SET DEFINE OFF;
Insert into BRANCH_ASSET (ASSET_ID,BR_ID) values ('1','1');
REM INSERTING into BRANCH_EXPENSE
SET DEFINE OFF;
Insert into BRANCH_EXPENSE (BR_ID,EXPTRANS_ID) values ('1','1');
REM INSERTING into BRANCH_PROJECT
SET DEFINE OFF;
Insert into BRANCH_PROJECT (P_ID,BR_ID) values ('44','22');
Insert into BRANCH_PROJECT (P_ID,BR_ID) values ('4','1');
Insert into BRANCH_PROJECT (P_ID,BR_ID) values ('2','1');
REM INSERTING into BRANCH_PUBLICATION
SET DEFINE OFF;
Insert into BRANCH_PUBLICATION (PUB_ID,BR_ID) values ('3','1');
REM INSERTING into CURRENT_JOB
SET DEFINE OFF;
Insert into CURRENT_JOB (PERSON_ID,TYPE,MONTHY_INCOME,NO_OF_WORKER,START_DT,END_DT,OFFICE_ADDR) values ('1','emni',2500,22,to_date('13-SEP-17','DD-MON-RR'),to_date('01-JAN-70','DD-MON-RR'),'qqqw');
REM INSERTING into DONAR
SET DEFINE OFF;
Insert into DONAR (PERSON_ID,TYPE_OF_DONAR,DONATION_TYPE,DATE_OF_DONATION,DONATION_AMOUNT) values ('181','Organization','Money',to_date('25-MAY-18','DD-MON-RR'),3453);
REM INSERTING into EDUCATION_QUAL
SET DEFINE OFF;
Insert into EDUCATION_QUAL (PERSON_ID,EXAM_NAME,PASSING_YR,EXAMRESULT,EXAMGROUP,BOARD_UNIVERSITY,INST_UNIVERSITY,EXAMSESSION) values ('124','ssc',to_date('08-MAY-18','DD-MON-RR'),3,'sdrf','dsfgsdf','sdfgsd','15');
Insert into EDUCATION_QUAL (PERSON_ID,EXAM_NAME,PASSING_YR,EXAMRESULT,EXAMGROUP,BOARD_UNIVERSITY,INST_UNIVERSITY,EXAMSESSION) values ('181','dfgdf',to_date('14-MAY-18','DD-MON-RR'),4,'fghdf','dfghdf','dfgdf','14');
REM INSERTING into EMPLOYEE
SET DEFINE OFF;
Insert into EMPLOYEE (PERSON_ID,POSITION_RANK,JOIN_DATE,END_DATE) values ('41','notfine',to_date('13-FEB-18','DD-MON-RR'),to_date('01-JAN-70','DD-MON-RR'));
Insert into EMPLOYEE (PERSON_ID,POSITION_RANK,JOIN_DATE,END_DATE) values ('3','notfine',to_date('10-OCT-17','DD-MON-RR'),to_date('01-JAN-70','DD-MON-RR'));
Insert into EMPLOYEE (PERSON_ID,POSITION_RANK,JOIN_DATE,END_DATE) values ('169','sdfgsdgsdfgsdf',to_date('15-MAY-18','DD-MON-RR'),to_date('18-MAY-18','DD-MON-RR'));
REM INSERTING into EMPLOYEE_BRANCH
SET DEFINE OFF;
Insert into EMPLOYEE_BRANCH (PERSON_ID,BR_ID) values ('41','21');
Insert into EMPLOYEE_BRANCH (PERSON_ID,BR_ID) values ('41','22');
REM INSERTING into EXPENDITURE
SET DEFINE OFF;
Insert into EXPENDITURE (EXPTRANS_ID,EXP_DATE,HOUSE_RENT,ELECTRICITY,WATER,INTERNET,OTHERS) values ('2',to_date('13-DEC-17','DD-MON-RR'),344,555,666,777,234);
Insert into EXPENDITURE (EXPTRANS_ID,EXP_DATE,HOUSE_RENT,ELECTRICITY,WATER,INTERNET,OTHERS) values ('21',to_date('02-APR-18','DD-MON-RR'),34,43,56,65,3);
Insert into EXPENDITURE (EXPTRANS_ID,EXP_DATE,HOUSE_RENT,ELECTRICITY,WATER,INTERNET,OTHERS) values ('22',to_date('02-APR-18','DD-MON-RR'),34,43,56,65,3);
Insert into EXPENDITURE (EXPTRANS_ID,EXP_DATE,HOUSE_RENT,ELECTRICITY,WATER,INTERNET,OTHERS) values ('1',to_date('13-SEP-17','DD-MON-RR'),344,555,666,777,234);
REM INSERTING into HEALTH_PROJ
SET DEFINE OFF;
Insert into HEALTH_PROJ (P_ID,GIVEN_SERVICE,DONATED_MAT,AMOUNT_MAT) values ('1','rgew','tyue','35');
Insert into HEALTH_PROJ (P_ID,GIVEN_SERVICE,DONATED_MAT,AMOUNT_MAT) values ('61','dfgfd','rfgdfg','333');
REM INSERTING into LOGIN
SET DEFINE OFF;
Insert into LOGIN (USERNAME,PASSWORD) values ('Admin','akash');
Insert into LOGIN (USERNAME,PASSWORD) values ('Editor','akash');
Insert into LOGIN (USERNAME,PASSWORD) values ('Beneficiary','akash');
REM INSERTING into LOGIN_INDEX
SET DEFINE OFF;
Insert into LOGIN_INDEX (LOGIN_INDEX) values ('1');
REM INSERTING into PERSON
SET DEFINE OFF;
Insert into PERSON (PERSON_ID,F_NAME,L_NAME,DOB,ROAD,HOUSE,CITY,COUNTRY,NID,DIV_LICENSE,PASSPORT,TIN,GENDER,EMAIL_ID,RELIGION,NATIONALITY,BIRTH_CERTIFICATE,POSTAL_CODE,BANK_ACCT_NO,BANK_ADDRESS,FATHER_NAME,MOTHER_NAME,FATHER_OCCU,FATHERS_SALARY,SPOUSE,ANNIVERSARY,CHILDNUM,SPOUSE_PROF,BLOOD_GP,HEIGHT,WEIGHT,BANK_NAME) values ('41','peter','john',to_date('06-SEP-16','DD-MON-RR'),'2','25','dhaka','Bangladesh','12345','325465','45346546','23452345','Female','lol@lol.lol','Christian','Bangladeshi','34567','1205','dd6465416541','dhaka','hey','heya','service','5555','dude','01-JAN-70',2,'fgdff','O+','44','551','Asia');
Insert into PERSON (PERSON_ID,F_NAME,L_NAME,DOB,ROAD,HOUSE,CITY,COUNTRY,NID,DIV_LICENSE,PASSPORT,TIN,GENDER,EMAIL_ID,RELIGION,NATIONALITY,BIRTH_CERTIFICATE,POSTAL_CODE,BANK_ACCT_NO,BANK_ADDRESS,FATHER_NAME,MOTHER_NAME,FATHER_OCCU,FATHERS_SALARY,SPOUSE,ANNIVERSARY,CHILDNUM,SPOUSE_PROF,BLOOD_GP,HEIGHT,WEIGHT,BANK_NAME) values ('141','sf','sdf',to_date('08-MAY-17','DD-MON-RR'),'55','55','tfghf','fgbhfg','4erfver','ertg54r5yhrt6gf','rtfg4wrwet4we','5rsxetgret','Male','ff@ww.lol','Christian','sdfsd','rfetger5ted','3434','5rtgr5yht6ytgbrt5','rfgdrg','dfvdfv','dfsd','dsfds','444','sdfsd','06-MAY-18',2,'dfgsd','O-','55','44','fdgdf');
Insert into PERSON (PERSON_ID,F_NAME,L_NAME,DOB,ROAD,HOUSE,CITY,COUNTRY,NID,DIV_LICENSE,PASSPORT,TIN,GENDER,EMAIL_ID,RELIGION,NATIONALITY,BIRTH_CERTIFICATE,POSTAL_CODE,BANK_ACCT_NO,BANK_ADDRESS,FATHER_NAME,MOTHER_NAME,FATHER_OCCU,FATHERS_SALARY,SPOUSE,ANNIVERSARY,CHILDNUM,SPOUSE_PROF,BLOOD_GP,HEIGHT,WEIGHT,BANK_NAME) values ('142','dfgfd','dfgdfg',to_date('06-AUG-17','DD-MON-RR'),'df','3','dfgsd','dfg','ertgverg','rt5gertfwes','t6uhjrtrt','rte5jut6yhr4','Male','fdd@fd.yhj','Christian','dfgdf','5grt5grt5gyrt5','33','4t457y6w4stgr54ey','dfgdfgert5g','sdf','dfsdf','edfsd','45','sdfsd','05-MAR-18',3,'sdfsd','A+','55','44','dfgdf');
Insert into PERSON (PERSON_ID,F_NAME,L_NAME,DOB,ROAD,HOUSE,CITY,COUNTRY,NID,DIV_LICENSE,PASSPORT,TIN,GENDER,EMAIL_ID,RELIGION,NATIONALITY,BIRTH_CERTIFICATE,POSTAL_CODE,BANK_ACCT_NO,BANK_ADDRESS,FATHER_NAME,MOTHER_NAME,FATHER_OCCU,FATHERS_SALARY,SPOUSE,ANNIVERSARY,CHILDNUM,SPOUSE_PROF,BLOOD_GP,HEIGHT,WEIGHT,BANK_NAME) values ('181','dghf','rtyerh',to_date('27-APR-09','DD-MON-RR'),'4','34','dfgsd','dfgfgf','78rt58rt89-fre','4rtf34-8hyrwer23r','yjn8f5t-f54tr.tr','wrdc46-67yuvb','Male','ee@tt.ll','Christian','thtfhf','ed4t-67ty54t4','1234','ft4-f75nyt/f54y','g4t5g45rgw5','fcgdf','ecfrg','dsfds','342','dcrg','07-MAY-18',1,'dfgdrt','A-','33','55',null);
Insert into PERSON (PERSON_ID,F_NAME,L_NAME,DOB,ROAD,HOUSE,CITY,COUNTRY,NID,DIV_LICENSE,PASSPORT,TIN,GENDER,EMAIL_ID,RELIGION,NATIONALITY,BIRTH_CERTIFICATE,POSTAL_CODE,BANK_ACCT_NO,BANK_ADDRESS,FATHER_NAME,MOTHER_NAME,FATHER_OCCU,FATHERS_SALARY,SPOUSE,ANNIVERSARY,CHILDNUM,SPOUSE_PROF,BLOOD_GP,HEIGHT,WEIGHT,BANK_NAME) values ('3','gyj','guyj',to_date('15-FEB-18','DD-MON-RR'),'fgh','f58','er','rehth','77','99','25','49','Male','jk.lol@gt.lol','Buddhism','uihui','88','1205','66','ghuhui','sdvfgsd','xcv','fghjgf','3','jkhjk','01-JAN-70',3,'sdfsdf','A+','1','29','drgtter');
Insert into PERSON (PERSON_ID,F_NAME,L_NAME,DOB,ROAD,HOUSE,CITY,COUNTRY,NID,DIV_LICENSE,PASSPORT,TIN,GENDER,EMAIL_ID,RELIGION,NATIONALITY,BIRTH_CERTIFICATE,POSTAL_CODE,BANK_ACCT_NO,BANK_ADDRESS,FATHER_NAME,MOTHER_NAME,FATHER_OCCU,FATHERS_SALARY,SPOUSE,ANNIVERSARY,CHILDNUM,SPOUSE_PROF,BLOOD_GP,HEIGHT,WEIGHT,BANK_NAME) values ('161','fghdf','dfhgftgh',to_date('29-OCT-17','DD-MON-RR'),'44','4','dfsd','sdfgdfgdf','7etw467i78t6et5','t5rgyrrge34yty','y675r35yhy6i7egr','54ty6h5ui7343e98ijth4','Female','fdd@fd.yhj','Hinduism','dfhfgh','678rf54u7ie35tyh','12234','34523543rf34tg54ygw34e','dgdfgdfg','fgd','dfgdg','sdfdsg','341','fghgdfdf','24-MAY-18',3,'dfgdg','O+','33','34','dfgsdg');
Insert into PERSON (PERSON_ID,F_NAME,L_NAME,DOB,ROAD,HOUSE,CITY,COUNTRY,NID,DIV_LICENSE,PASSPORT,TIN,GENDER,EMAIL_ID,RELIGION,NATIONALITY,BIRTH_CERTIFICATE,POSTAL_CODE,BANK_ACCT_NO,BANK_ADDRESS,FATHER_NAME,MOTHER_NAME,FATHER_OCCU,FATHERS_SALARY,SPOUSE,ANNIVERSARY,CHILDNUM,SPOUSE_PROF,BLOOD_GP,HEIGHT,WEIGHT,BANK_NAME) values ('124','df','df',to_date('08-JAN-18','DD-MON-RR'),'yhty','56','gbfgh','ythy','34523454r348','t54','f45t654y','gyu67u67gu7','Male','rr@fg.ol','Christian','fdgdf','e54ft','7485','34t5fg54tg54y','dfgdr','vrfg','vfhfb','fhrw','456','fryhry','01-JAN-70',1,'fgyhty','B','57','56','dfgdfg');
Insert into PERSON (PERSON_ID,F_NAME,L_NAME,DOB,ROAD,HOUSE,CITY,COUNTRY,NID,DIV_LICENSE,PASSPORT,TIN,GENDER,EMAIL_ID,RELIGION,NATIONALITY,BIRTH_CERTIFICATE,POSTAL_CODE,BANK_ACCT_NO,BANK_ADDRESS,FATHER_NAME,MOTHER_NAME,FATHER_OCCU,FATHERS_SALARY,SPOUSE,ANNIVERSARY,CHILDNUM,SPOUSE_PROF,BLOOD_GP,HEIGHT,WEIGHT,BANK_NAME) values ('163','fgjhfg','tyujh',to_date('25-MAR-12','DD-MON-RR'),'4','44','dsfsdfg','rtgf','67ijtyjw5th65t7ij5e','54q3ty57y56uyhe5','5uy745t3354u5yhqt54','3erw347uy76ij8tj7','Male','ff@ww.lol','Islam','fghfghfgh','5w6y7q457ujh6e','8596','4t654r4yhu67uj78jir4tgg','5tyg5h6t4rhdt6','sefsd','sefsdf','sdfsdfd','3440','grfgrt','11-DEC-17',2,'dfgdfgd','AB-','33','44',null);
Insert into PERSON (PERSON_ID,F_NAME,L_NAME,DOB,ROAD,HOUSE,CITY,COUNTRY,NID,DIV_LICENSE,PASSPORT,TIN,GENDER,EMAIL_ID,RELIGION,NATIONALITY,BIRTH_CERTIFICATE,POSTAL_CODE,BANK_ACCT_NO,BANK_ADDRESS,FATHER_NAME,MOTHER_NAME,FATHER_OCCU,FATHERS_SALARY,SPOUSE,ANNIVERSARY,CHILDNUM,SPOUSE_PROF,BLOOD_GP,HEIGHT,WEIGHT,BANK_NAME) values ('164','fjfg','kjh',to_date('27-MAY-91','DD-MON-RR'),'sdfdsf','44','sdfvsd','dfgsdfg','78itg45y78rth56','rtb47wxdr3','dtfh54ywsdr','erdtec54gf54gy7f4w','Female','ee@tt.ll','Christian','fgjhfg','yed4rtb34y6','3333','34t57u6tghigubvyfg','34r4f3erf54t','sdfgvsdgd','rfgd','dfgdf','3333','sdfgsdrg','04-JUL-16',3,'fdgdgd','B','44','55',null);
Insert into PERSON (PERSON_ID,F_NAME,L_NAME,DOB,ROAD,HOUSE,CITY,COUNTRY,NID,DIV_LICENSE,PASSPORT,TIN,GENDER,EMAIL_ID,RELIGION,NATIONALITY,BIRTH_CERTIFICATE,POSTAL_CODE,BANK_ACCT_NO,BANK_ADDRESS,FATHER_NAME,MOTHER_NAME,FATHER_OCCU,FATHERS_SALARY,SPOUSE,ANNIVERSARY,CHILDNUM,SPOUSE_PROF,BLOOD_GP,HEIGHT,WEIGHT,BANK_NAME) values ('165','dv','rgvbbvg',to_date('26-FEB-90','DD-MON-RR'),'4','5','fgvr','gfrt','45ctfg4d6g56g','64dtg5665y','d56y4et5yrf6tg56','e45tdr5f6y54dt5et','Male','ff@ww.lol','Buddhism','fgvfgrv','67jh76fd554wtgdf6d5','554','54tr6y6etr54y84ttty6r','54f6ytg5','edgetv','edfetg','tdgtgdt','344','dgtvb','30-MAY-16',2,'fgvdtvbrt','B','44','55',null);
Insert into PERSON (PERSON_ID,F_NAME,L_NAME,DOB,ROAD,HOUSE,CITY,COUNTRY,NID,DIV_LICENSE,PASSPORT,TIN,GENDER,EMAIL_ID,RELIGION,NATIONALITY,BIRTH_CERTIFICATE,POSTAL_CODE,BANK_ACCT_NO,BANK_ADDRESS,FATHER_NAME,MOTHER_NAME,FATHER_OCCU,FATHERS_SALARY,SPOUSE,ANNIVERSARY,CHILDNUM,SPOUSE_PROF,BLOOD_GP,HEIGHT,WEIGHT,BANK_NAME) values ('168','fghf','fghftgh',to_date('29-APR-18','DD-MON-RR'),'5','4','rfged','dfgfgf','8e7trgher','jdjoerjioerg0ger90','jkvf90rtrt-erjndffd','wertguhfereer-jiujh','Male','ff@ww.lol','Christian','dfgbdf','8vrhir-rgni','654','89ut4905-40cen78gh','vyhvjbty5tth','fcgdf','dfcgrfd','fdgvf','34534','fghdf','08-MAY-18',2,'tfghtr','B+','44','77',null);
Insert into PERSON (PERSON_ID,F_NAME,L_NAME,DOB,ROAD,HOUSE,CITY,COUNTRY,NID,DIV_LICENSE,PASSPORT,TIN,GENDER,EMAIL_ID,RELIGION,NATIONALITY,BIRTH_CERTIFICATE,POSTAL_CODE,BANK_ACCT_NO,BANK_ADDRESS,FATHER_NAME,MOTHER_NAME,FATHER_OCCU,FATHERS_SALARY,SPOUSE,ANNIVERSARY,CHILDNUM,SPOUSE_PROF,BLOOD_GP,HEIGHT,WEIGHT,BANK_NAME) values ('169','tyjty','serfwefgv',to_date('30-APR-96','DD-MON-RR'),'44','4','dfg','fgbhfg','67d9890t945t-n7r','8t4t0rtcg4-bh','hfge78t45-rtfcgn4rc','uyfe7854ht5-4rt5ynr54','Male','ee@tt.ll','Hinduism','dfgdf','crbtfb674r5t-rfgy748r','1234','y7t4-t54tu89ded','dftgert5tg5','dfvdfv','fgdfg','dfgdf','44','dgf','02-APR-18',1,'dfdgdfg','A-','33','55',null);
Insert into PERSON (PERSON_ID,F_NAME,L_NAME,DOB,ROAD,HOUSE,CITY,COUNTRY,NID,DIV_LICENSE,PASSPORT,TIN,GENDER,EMAIL_ID,RELIGION,NATIONALITY,BIRTH_CERTIFICATE,POSTAL_CODE,BANK_ACCT_NO,BANK_ADDRESS,FATHER_NAME,MOTHER_NAME,FATHER_OCCU,FATHERS_SALARY,SPOUSE,ANNIVERSARY,CHILDNUM,SPOUSE_PROF,BLOOD_GP,HEIGHT,WEIGHT,BANK_NAME) values ('170','fghgfh','fghgh',to_date('14-NOV-17','DD-MON-RR'),'55','34','fgvr','rtgf','ghry5ygrtfrt','g54ytge3g35','r5yh56yh','34rt43wy654y756u','Female','ee@tt.ll','Buddhism','fghghfg','tyh65yhrtgrt','33','54rtg5ry65yw35t2','g4r5ttgrt','fcgdf','fghfgh','dfgdf','555','dgf','23-MAY-18',1,'dfgdfgd','AB+','44','55',null);
Insert into PERSON (PERSON_ID,F_NAME,L_NAME,DOB,ROAD,HOUSE,CITY,COUNTRY,NID,DIV_LICENSE,PASSPORT,TIN,GENDER,EMAIL_ID,RELIGION,NATIONALITY,BIRTH_CERTIFICATE,POSTAL_CODE,BANK_ACCT_NO,BANK_ADDRESS,FATHER_NAME,MOTHER_NAME,FATHER_OCCU,FATHERS_SALARY,SPOUSE,ANNIVERSARY,CHILDNUM,SPOUSE_PROF,BLOOD_GP,HEIGHT,WEIGHT,BANK_NAME) values ('82','wer','yyu',to_date('09-JAN-18','DD-MON-RR'),'1','55','tgvbrt','gvfgv','54tf5tg6','4frt45y67','56tg5gvft','56ygt5fe5','Female','opo@rtt.huh','Islam','fgb','6g56y7','5454','tgvrt5444tr454','tv5tgvfr','gvvfg','gvg','vgvg','4555','fgv fg','01-JAN-70',1,'fv','O+','4','50','sdfsd');
Insert into PERSON (PERSON_ID,F_NAME,L_NAME,DOB,ROAD,HOUSE,CITY,COUNTRY,NID,DIV_LICENSE,PASSPORT,TIN,GENDER,EMAIL_ID,RELIGION,NATIONALITY,BIRTH_CERTIFICATE,POSTAL_CODE,BANK_ACCT_NO,BANK_ADDRESS,FATHER_NAME,MOTHER_NAME,FATHER_OCCU,FATHERS_SALARY,SPOUSE,ANNIVERSARY,CHILDNUM,SPOUSE_PROF,BLOOD_GP,HEIGHT,WEIGHT,BANK_NAME) values ('1','abc','abc',to_date('08-NOV-17','DD-MON-RR'),'sdf','df','sdff','dfsgf','123','23423','5454','534','Male','ok@lol.hit','Christian','asd','54534','32423','f4565645','ghuhui','sdvfgsd','xcv','dsfsa','3241','sxcf','06-NOV-17',3,'scdfedcf','B','4','33','fgdsfgd');
Insert into PERSON (PERSON_ID,F_NAME,L_NAME,DOB,ROAD,HOUSE,CITY,COUNTRY,NID,DIV_LICENSE,PASSPORT,TIN,GENDER,EMAIL_ID,RELIGION,NATIONALITY,BIRTH_CERTIFICATE,POSTAL_CODE,BANK_ACCT_NO,BANK_ADDRESS,FATHER_NAME,MOTHER_NAME,FATHER_OCCU,FATHERS_SALARY,SPOUSE,ANNIVERSARY,CHILDNUM,SPOUSE_PROF,BLOOD_GP,HEIGHT,WEIGHT,BANK_NAME) values ('5','gyj','guyj',to_date('19-OCT-17','DD-MON-RR'),'2','f58','er','rehth','836','54','12','345','Male','jk.lol@gt.lol','Buddhism','dfgduih','5677','4585','34567','ghuhui','sdvfgsd','kljkl','sefe','44','efsdf','01-JAN-70',2,'jknknjk','A+','4','44','fghg');
Insert into PERSON (PERSON_ID,F_NAME,L_NAME,DOB,ROAD,HOUSE,CITY,COUNTRY,NID,DIV_LICENSE,PASSPORT,TIN,GENDER,EMAIL_ID,RELIGION,NATIONALITY,BIRTH_CERTIFICATE,POSTAL_CODE,BANK_ACCT_NO,BANK_ADDRESS,FATHER_NAME,MOTHER_NAME,FATHER_OCCU,FATHERS_SALARY,SPOUSE,ANNIVERSARY,CHILDNUM,SPOUSE_PROF,BLOOD_GP,HEIGHT,WEIGHT,BANK_NAME) values ('6','kdfj','guyj',to_date('14-JUN-17','DD-MON-RR'),'5','565','sdfg','ftdh','45','66','77','88','Male','huh.lol@huh.com','Hinduism','uhkm','55','4585','678','fghgf','sdvfgsd','xcv','sef','45','jkhjk','01-JAN-70',5,'sdfsdf','O+','7','887','ewrter');
Insert into PERSON (PERSON_ID,F_NAME,L_NAME,DOB,ROAD,HOUSE,CITY,COUNTRY,NID,DIV_LICENSE,PASSPORT,TIN,GENDER,EMAIL_ID,RELIGION,NATIONALITY,BIRTH_CERTIFICATE,POSTAL_CODE,BANK_ACCT_NO,BANK_ADDRESS,FATHER_NAME,MOTHER_NAME,FATHER_OCCU,FATHERS_SALARY,SPOUSE,ANNIVERSARY,CHILDNUM,SPOUSE_PROF,BLOOD_GP,HEIGHT,WEIGHT,BANK_NAME) values ('101','ooo','jjjj',to_date('30-OCT-17','DD-MON-RR'),'3','44','rfg','dfgdf','34rf34tg5g56','5rtgrfq234rfewgyrt54','we4rtffgvwe4rtf3gy','r5t4g3fg443','Female','oko@were.df','Buddhism','dsfsd','4tfrf3qwrf5y','454','345t53rtgr5trre54er','e54tfg45','dfgbdf','dfgdf','dfgedr','4445','fghfdgvb','01-JAN-70',3,'dfgbtfr','AB+','44','33','regter');
REM INSERTING into PERSON_PROJECT
SET DEFINE OFF;
Insert into PERSON_PROJECT (P_ID,PERSON_ID) values ('3','1');
REM INSERTING into PERSON_PUBLICATION
SET DEFINE OFF;
Insert into PERSON_PUBLICATION (PUB_ID,PERSON_ID) values ('3','1');
Insert into PERSON_PUBLICATION (PUB_ID,PERSON_ID) values ('72','161');
REM INSERTING into PHONE
SET DEFINE OFF;
Insert into PHONE (PHONE,PERSON_ID) values ('8516566','41');
Insert into PHONE (PHONE,PERSON_ID) values ('dfgdf','141');
Insert into PHONE (PHONE,PERSON_ID) values ('346346','142');
Insert into PHONE (PHONE,PERSON_ID) values ('3545','181');
Insert into PHONE (PHONE,PERSON_ID) values ('5654','124');
Insert into PHONE (PHONE,PERSON_ID) values ('345645345','161');
Insert into PHONE (PHONE,PERSON_ID) values ('45346546','163');
Insert into PHONE (PHONE,PERSON_ID) values ('45634654','164');
Insert into PHONE (PHONE,PERSON_ID) values ('45654','165');
Insert into PHONE (PHONE,PERSON_ID) values ('54654654','168');
Insert into PHONE (PHONE,PERSON_ID) values ('54654654','169');
Insert into PHONE (PHONE,PERSON_ID) values ('3523454','170');
Insert into PHONE (PHONE,PERSON_ID) values ('44445','82');
Insert into PHONE (PHONE,PERSON_ID) values ('2345345','101');
REM INSERTING into PROJECT
SET DEFINE OFF;
Insert into PROJECT (P_ID,P_NAME,START_DATE,END_DATE,ROAD,HOUSE,CITY,COUNTRY,POSTAL_CODE,BUDGET,PROJ_COORD,P_FUND) values ('1','s',to_date('11-JAN-18','DD-MON-RR'),to_date('24-MAY-18','DD-MON-RR'),'5','5','dfgdf','dfgdf','56546',5654,'dfghdfh',56544);
Insert into PROJECT (P_ID,P_NAME,START_DATE,END_DATE,ROAD,HOUSE,CITY,COUNTRY,POSTAL_CODE,BUDGET,PROJ_COORD,P_FUND) values ('43','hnh',to_date('21-MAY-18','DD-MON-RR'),to_date('24-MAY-18','DD-MON-RR'),'5','5','dfgdf','dfgdf','56546',5654,'dfghdfh',56544);
Insert into PROJECT (P_ID,P_NAME,START_DATE,END_DATE,ROAD,HOUSE,CITY,COUNTRY,POSTAL_CODE,BUDGET,PROJ_COORD,P_FUND) values ('44','hnh',to_date('21-MAY-18','DD-MON-RR'),to_date('24-MAY-18','DD-MON-RR'),'5','5','dfgdf','dfgdf','56546',5654,'dfghdfh',56544);
Insert into PROJECT (P_ID,P_NAME,START_DATE,END_DATE,ROAD,HOUSE,CITY,COUNTRY,POSTAL_CODE,BUDGET,PROJ_COORD,P_FUND) values ('61','sdfgsd',to_date('29-APR-18','DD-MON-RR'),to_date('24-MAY-18','DD-MON-RR'),'5','5','dfgdf','dfgdf','56546',5654,'dfghdfh',56544);
Insert into PROJECT (P_ID,P_NAME,START_DATE,END_DATE,ROAD,HOUSE,CITY,COUNTRY,POSTAL_CODE,BUDGET,PROJ_COORD,P_FUND) values ('62','dfgdfg',to_date('02-MAY-16','DD-MON-RR'),to_date('24-MAY-18','DD-MON-RR'),'5','5','dfgdf','dfgdf','56546',5654,'dfghdfh',56544);
Insert into PROJECT (P_ID,P_NAME,START_DATE,END_DATE,ROAD,HOUSE,CITY,COUNTRY,POSTAL_CODE,BUDGET,PROJ_COORD,P_FUND) values ('63','tfghfgh',to_date('06-MAY-18','DD-MON-RR'),to_date('01-JAN-70','DD-MON-RR'),'567','66','fghfgh','fgjg','fgjh',56757,'fghfgh',675673);
Insert into PROJECT (P_ID,P_NAME,START_DATE,END_DATE,ROAD,HOUSE,CITY,COUNTRY,POSTAL_CODE,BUDGET,PROJ_COORD,P_FUND) values ('64','fgjhfg',to_date('30-APR-18','DD-MON-RR'),to_date('01-JAN-70','DD-MON-RR'),'5','5','dfgdf','tyhtujh','6546',56757,'fghfg',57567567);
Insert into PROJECT (P_ID,P_NAME,START_DATE,END_DATE,ROAD,HOUSE,CITY,COUNTRY,POSTAL_CODE,BUDGET,PROJ_COORD,P_FUND) values ('83','dfgd',to_date('23-MAY-18','DD-MON-RR'),to_date('01-JAN-70','DD-MON-RR'),'56','66','sgfd','dfgrtg','563',444,'dfgsd',5452);
Insert into PROJECT (P_ID,P_NAME,START_DATE,END_DATE,ROAD,HOUSE,CITY,COUNTRY,POSTAL_CODE,BUDGET,PROJ_COORD,P_FUND) values ('3','bhj',to_date('08-NOV-17','DD-MON-RR'),to_date('24-MAY-18','DD-MON-RR'),'5','5','dfgdf','dfgdf','56546',5654,'dfghdfh',56544);
Insert into PROJECT (P_ID,P_NAME,START_DATE,END_DATE,ROAD,HOUSE,CITY,COUNTRY,POSTAL_CODE,BUDGET,PROJ_COORD,P_FUND) values ('2','huj',to_date('18-JAN-18','DD-MON-RR'),to_date('24-MAY-18','DD-MON-RR'),'5','5','dfgdf','dfgdf','56546',5654,'dfghdfh',56544);
Insert into PROJECT (P_ID,P_NAME,START_DATE,END_DATE,ROAD,HOUSE,CITY,COUNTRY,POSTAL_CODE,BUDGET,PROJ_COORD,P_FUND) values ('4','ggyny',to_date('15-NOV-17','DD-MON-RR'),to_date('24-MAY-18','DD-MON-RR'),'5','5','dfgdf','dfgdf','56546',5654,'dfghdfh',56544);
REM INSERTING into PROJECT_ASSET
SET DEFINE OFF;
Insert into PROJECT_ASSET (ASSET_ID,P_ID) values ('1','4');
Insert into PROJECT_ASSET (ASSET_ID,P_ID) values ('1','2');
REM INSERTING into PROJECT_EXPENDITURE
SET DEFINE OFF;
Insert into PROJECT_EXPENDITURE (P_ID,EXPTRANS_ID) values ('2','2');
Insert into PROJECT_EXPENDITURE (P_ID,EXPTRANS_ID) values ('43','21');
Insert into PROJECT_EXPENDITURE (P_ID,EXPTRANS_ID) values ('43','22');
REM INSERTING into PROJ_TRAINING
SET DEFINE OFF;
Insert into PROJ_TRAINING (P_ID,T_TYPE,STUDENT_NO) values ('43','yht',657);
Insert into PROJ_TRAINING (P_ID,T_TYPE,STUDENT_NO) values ('44','yht',657);
Insert into PROJ_TRAINING (P_ID,T_TYPE,STUDENT_NO) values ('4','ujkuykcg',443);
REM INSERTING into PUBLICATION
SET DEFINE OFF;
Insert into PUBLICATION (PUB_ID,PUB_NAME,PUB_DATE,PUBLISHER,PUB_TYPE) values ('61','iooi',to_date('08-JAN-18','DD-MON-RR'),'dshgb','Year Book');
Insert into PUBLICATION (PUB_ID,PUB_NAME,PUB_DATE,PUBLISHER,PUB_TYPE) values ('71','rrr',to_date('29-APR-18','DD-MON-RR'),'ttt','Year Book');
Insert into PUBLICATION (PUB_ID,PUB_NAME,PUB_DATE,PUBLISHER,PUB_TYPE) values ('63','jk',to_date('05-FEB-18','DD-MON-RR'),'bhj','Project Report');
Insert into PUBLICATION (PUB_ID,PUB_NAME,PUB_DATE,PUBLISHER,PUB_TYPE) values ('72','rrr',to_date('29-APR-18','DD-MON-RR'),'ttt','Year Book');
Insert into PUBLICATION (PUB_ID,PUB_NAME,PUB_DATE,PUBLISHER,PUB_TYPE) values ('66','qumu',to_date('13-FEB-18','DD-MON-RR'),'df','Year Book');
Insert into PUBLICATION (PUB_ID,PUB_NAME,PUB_DATE,PUBLISHER,PUB_TYPE) values ('67','df',to_date('11-FEB-18','DD-MON-RR'),'sdf','Year Book');
Insert into PUBLICATION (PUB_ID,PUB_NAME,PUB_DATE,PUBLISHER,PUB_TYPE) values ('75','qwer',to_date('30-APR-18','DD-MON-RR'),'rewq','Article');
Insert into PUBLICATION (PUB_ID,PUB_NAME,PUB_DATE,PUBLISHER,PUB_TYPE) values ('78','mist',to_date('07-MAY-18','DD-MON-RR'),'yism','Magazine');
Insert into PUBLICATION (PUB_ID,PUB_NAME,PUB_DATE,PUBLISHER,PUB_TYPE) values ('79','poly',to_date('30-APR-18','DD-MON-RR'),'pol','Magazine');
Insert into PUBLICATION (PUB_ID,PUB_NAME,PUB_DATE,PUBLISHER,PUB_TYPE) values ('83','dghdfrt',to_date('11-DEC-17','DD-MON-RR'),'ftghfgh','Magazine');
Insert into PUBLICATION (PUB_ID,PUB_NAME,PUB_DATE,PUBLISHER,PUB_TYPE) values ('84','ioui',to_date('01-MAY-18','DD-MON-RR'),'tyjyh','Project Report');
Insert into PUBLICATION (PUB_ID,PUB_NAME,PUB_DATE,PUBLISHER,PUB_TYPE) values ('42','lol',to_date('04-DEC-17','DD-MON-RR'),'hey','Not Selected');
Insert into PUBLICATION (PUB_ID,PUB_NAME,PUB_DATE,PUBLISHER,PUB_TYPE) values ('43','some',to_date('07-APR-14','DD-MON-RR'),'sir','Project Report');
Insert into PUBLICATION (PUB_ID,PUB_NAME,PUB_DATE,PUBLISHER,PUB_TYPE) values ('44','pk',to_date('05-FEB-18','DD-MON-RR'),'kk','Article');
Insert into PUBLICATION (PUB_ID,PUB_NAME,PUB_DATE,PUBLISHER,PUB_TYPE) values ('45','somedf',to_date('15-MAY-19','DD-MON-RR'),'df','Year Book');
Insert into PUBLICATION (PUB_ID,PUB_NAME,PUB_DATE,PUBLISHER,PUB_TYPE) values ('46','hey',to_date('13-NOV-17','DD-MON-RR'),'total','Year Book');
Insert into PUBLICATION (PUB_ID,PUB_NAME,PUB_DATE,PUBLISHER,PUB_TYPE) values ('69','east',to_date('26-FEB-18','DD-MON-RR'),'west','Article');
Insert into PUBLICATION (PUB_ID,PUB_NAME,PUB_DATE,PUBLISHER,PUB_TYPE) values ('81','dfgdf',to_date('11-DEC-17','DD-MON-RR'),'rfgvrd','Year Book');
Insert into PUBLICATION (PUB_ID,PUB_NAME,PUB_DATE,PUBLISHER,PUB_TYPE) values ('73','asdf',to_date('06-MAY-18','DD-MON-RR'),'qwer','Project Report');
Insert into PUBLICATION (PUB_ID,PUB_NAME,PUB_DATE,PUBLISHER,PUB_TYPE) values ('77','mk',to_date('30-APR-18','DD-MON-RR'),'km','Article');
Insert into PUBLICATION (PUB_ID,PUB_NAME,PUB_DATE,PUBLISHER,PUB_TYPE) values ('3','qwe',to_date('26-DEC-17','DD-MON-RR'),'tgy','Research Paper');
REM INSERTING into REF_RELATION
SET DEFINE OFF;
Insert into REF_RELATION (PERSON_ID,REF_ID,REF_NAME,REF_EMAIL,REF_PHONE_NO,REFADDRESS) values ('141','41','fgh','ee@tt.ll','46346',AKASHPODDAR.REFADDR('4', '5', 'fgh', 'dgfd', '8596'));
REM INSERTING into SALARY
SET DEFINE OFF;
Insert into SALARY (ACCOUNT,BONUS_AMOUNT,B_DATE,BONUS_NAME,BASIC_PAY,HOUSE_ALICE,UTSOB_ALICE,GOVT_TAX,MED_ALICE,PROV_FUND_CUTTING) values ('678',85,to_date('29-APR-18','DD-MON-RR'),'ff',5464,52,45,55,54,44);
Insert into SALARY (ACCOUNT,BONUS_AMOUNT,B_DATE,BONUS_NAME,BASIC_PAY,HOUSE_ALICE,UTSOB_ALICE,GOVT_TAX,MED_ALICE,PROV_FUND_CUTTING) values ('66',33,to_date('30-APR-18','DD-MON-RR'),'sdfsd',324234,3242,23423,234,20,23);
Insert into SALARY (ACCOUNT,BONUS_AMOUNT,B_DATE,BONUS_NAME,BASIC_PAY,HOUSE_ALICE,UTSOB_ALICE,GOVT_TAX,MED_ALICE,PROV_FUND_CUTTING) values ('23',22,to_date('15-NOV-17','DD-MON-RR'),'wee',22,33,44,3,33,2);
Insert into SALARY (ACCOUNT,BONUS_AMOUNT,B_DATE,BONUS_NAME,BASIC_PAY,HOUSE_ALICE,UTSOB_ALICE,GOVT_TAX,MED_ALICE,PROV_FUND_CUTTING) values ('678',33,to_date('11-FEB-18','DD-MON-RR'),'w',23,230,43,23,23,4);
REM INSERTING into TRAINER
SET DEFINE OFF;
Insert into TRAINER (PERSON_ID,JOIN_DATE,END_DATE) values ('164',to_date('23-MAY-18','DD-MON-RR'),to_date('24-MAY-18','DD-MON-RR'));
Insert into TRAINER (PERSON_ID,JOIN_DATE,END_DATE) values ('6',to_date('18-OCT-17','DD-MON-RR'),to_date('21-MAY-18','DD-MON-RR'));
REM INSERTING into TRAINING
SET DEFINE OFF;
Insert into TRAINING (PERSON_ID,TRAINING_NAME,ORG_NAME,ORG_ADDR,TRAININGRESULT,DURATION,TRAININGSESSION) values ('142','fghdf','dfhdf','fghtbrf','3',44,'14');
REM INSERTING into VOLUNTEER
SET DEFINE OFF;
Insert into VOLUNTEER (PERSON_ID) values ('141');
Insert into VOLUNTEER (PERSON_ID) values ('5');
REM INSERTING into WOMEN_EMP_SEMINAR
SET DEFINE OFF;
Insert into WOMEN_EMP_SEMINAR (P_ID,SEMINAR_SUBJ,CHIEF_GUEST,SPECIAL_GUEST) values ('63','ghrtfyhyr','fgjh','jhgh');
Insert into WOMEN_EMP_SEMINAR (P_ID,SEMINAR_SUBJ,CHIEF_GUEST,SPECIAL_GUEST) values ('83','dg','dfgdfg','sdfgsd');
Insert into WOMEN_EMP_SEMINAR (P_ID,SEMINAR_SUBJ,CHIEF_GUEST,SPECIAL_GUEST) values ('3','huyjsd','hyujhysd','yuhhhjksd');
REM INSERTING into W_MICRO_CREDIT
SET DEFINE OFF;
Insert into W_MICRO_CREDIT (P_ID,NUM_INSTALLMENT,DURATION,RATE,AMOUNT) values ('62','55',676,44,4565);
Insert into W_MICRO_CREDIT (P_ID,NUM_INSTALLMENT,DURATION,RATE,AMOUNT) values ('64','55',66,4,34543);
Insert into W_MICRO_CREDIT (P_ID,NUM_INSTALLMENT,DURATION,RATE,AMOUNT) values ('2','41',51,41,551);
REM INSERTING into BRANCHEXPANSESUM
SET DEFINE OFF;
Insert into BRANCHEXPANSESUM ("Branch ID","Total House Rent Cost","Total Electricity Cost","Total Water Cost","Total Internet Cost","Total Others Cost") values ('1',344,555,666,777,234);
REM INSERTING into PROJECTEXPANSESUM
SET DEFINE OFF;
Insert into PROJECTEXPANSESUM ("Project ID","Total House Rent Cost","Total Electricity Cost","Total Water Cost","Total Internet Cost","Total Others Cost") values ('43',68,86,112,130,6);
Insert into PROJECTEXPANSESUM ("Project ID","Total House Rent Cost","Total Electricity Cost","Total Water Cost","Total Internet Cost","Total Others Cost") values ('2',344,555,666,777,234);
--------------------------------------------------------
--  DDL for Index ASSETS_ASSET_ID_PK
--------------------------------------------------------

  CREATE UNIQUE INDEX "ASSETS_ASSET_ID_PK" ON "ASSETS" ("ASSET_ID") 
  PCTFREE 10 INITRANS 2 MAXTRANS 255 COMPUTE STATISTICS 
  STORAGE(INITIAL 65536 NEXT 1048576 MINEXTENTS 1 MAXEXTENTS 2147483645
  PCTINCREASE 0 FREELISTS 1 FREELIST GROUPS 1 BUFFER_POOL DEFAULT FLASH_CACHE DEFAULT CELL_FLASH_CACHE DEFAULT)
  TABLESPACE "USERS" ;
--------------------------------------------------------
--  DDL for Index BRANCH_BR_ID_PK
--------------------------------------------------------

  CREATE UNIQUE INDEX "BRANCH_BR_ID_PK" ON "BRANCH" ("BR_ID") 
  PCTFREE 10 INITRANS 2 MAXTRANS 255 COMPUTE STATISTICS 
  STORAGE(INITIAL 65536 NEXT 1048576 MINEXTENTS 1 MAXEXTENTS 2147483645
  PCTINCREASE 0 FREELISTS 1 FREELIST GROUPS 1 BUFFER_POOL DEFAULT FLASH_CACHE DEFAULT CELL_FLASH_CACHE DEFAULT)
  TABLESPACE "USERS" ;
--------------------------------------------------------
--  DDL for Index PERSON_PASSPORT_UK
--------------------------------------------------------

  CREATE UNIQUE INDEX "PERSON_PASSPORT_UK" ON "PERSON" ("PASSPORT") 
  PCTFREE 10 INITRANS 2 MAXTRANS 255 COMPUTE STATISTICS 
  STORAGE(INITIAL 65536 NEXT 1048576 MINEXTENTS 1 MAXEXTENTS 2147483645
  PCTINCREASE 0 FREELISTS 1 FREELIST GROUPS 1 BUFFER_POOL DEFAULT FLASH_CACHE DEFAULT CELL_FLASH_CACHE DEFAULT)
  TABLESPACE "USERS" ;
--------------------------------------------------------
--  DDL for Index PERSON_PERSON_ID_PK
--------------------------------------------------------

  CREATE UNIQUE INDEX "PERSON_PERSON_ID_PK" ON "PERSON" ("PERSON_ID") 
  PCTFREE 10 INITRANS 2 MAXTRANS 255 COMPUTE STATISTICS 
  STORAGE(INITIAL 65536 NEXT 1048576 MINEXTENTS 1 MAXEXTENTS 2147483645
  PCTINCREASE 0 FREELISTS 1 FREELIST GROUPS 1 BUFFER_POOL DEFAULT FLASH_CACHE DEFAULT CELL_FLASH_CACHE DEFAULT)
  TABLESPACE "USERS" ;
--------------------------------------------------------
--  DDL for Index PERSON_TIN_UK
--------------------------------------------------------

  CREATE UNIQUE INDEX "PERSON_TIN_UK" ON "PERSON" ("TIN") 
  PCTFREE 10 INITRANS 2 MAXTRANS 255 COMPUTE STATISTICS 
  STORAGE(INITIAL 65536 NEXT 1048576 MINEXTENTS 1 MAXEXTENTS 2147483645
  PCTINCREASE 0 FREELISTS 1 FREELIST GROUPS 1 BUFFER_POOL DEFAULT FLASH_CACHE DEFAULT CELL_FLASH_CACHE DEFAULT)
  TABLESPACE "USERS" ;
--------------------------------------------------------
--  DDL for Index PROJECT_P_ID_PK
--------------------------------------------------------

  CREATE UNIQUE INDEX "PROJECT_P_ID_PK" ON "PROJECT" ("P_ID") 
  PCTFREE 10 INITRANS 2 MAXTRANS 255 COMPUTE STATISTICS 
  STORAGE(INITIAL 65536 NEXT 1048576 MINEXTENTS 1 MAXEXTENTS 2147483645
  PCTINCREASE 0 FREELISTS 1 FREELIST GROUPS 1 BUFFER_POOL DEFAULT FLASH_CACHE DEFAULT CELL_FLASH_CACHE DEFAULT)
  TABLESPACE "USERS" ;
--------------------------------------------------------
--  DDL for Index PUBLICATION_PUB_ID_PK
--------------------------------------------------------

  CREATE UNIQUE INDEX "PUBLICATION_PUB_ID_PK" ON "PUBLICATION" ("PUB_ID") 
  PCTFREE 10 INITRANS 2 MAXTRANS 255 COMPUTE STATISTICS 
  STORAGE(INITIAL 65536 NEXT 1048576 MINEXTENTS 1 MAXEXTENTS 2147483645
  PCTINCREASE 0 FREELISTS 1 FREELIST GROUPS 1 BUFFER_POOL DEFAULT FLASH_CACHE DEFAULT CELL_FLASH_CACHE DEFAULT)
  TABLESPACE "USERS" ;
--------------------------------------------------------
--  DDL for Index REF_REALTION_REF_ID_PK
--------------------------------------------------------

  CREATE UNIQUE INDEX "REF_REALTION_REF_ID_PK" ON "REF_RELATION" ("REF_ID") 
  PCTFREE 10 INITRANS 2 MAXTRANS 255 COMPUTE STATISTICS 
  STORAGE(INITIAL 65536 NEXT 1048576 MINEXTENTS 1 MAXEXTENTS 2147483645
  PCTINCREASE 0 FREELISTS 1 FREELIST GROUPS 1 BUFFER_POOL DEFAULT FLASH_CACHE DEFAULT CELL_FLASH_CACHE DEFAULT)
  TABLESPACE "USERS" ;
--------------------------------------------------------
--  DDL for Index PERSON_NID_UK
--------------------------------------------------------

  CREATE UNIQUE INDEX "PERSON_NID_UK" ON "PERSON" ("NID") 
  PCTFREE 10 INITRANS 2 MAXTRANS 255 COMPUTE STATISTICS 
  STORAGE(INITIAL 65536 NEXT 1048576 MINEXTENTS 1 MAXEXTENTS 2147483645
  PCTINCREASE 0 FREELISTS 1 FREELIST GROUPS 1 BUFFER_POOL DEFAULT FLASH_CACHE DEFAULT CELL_FLASH_CACHE DEFAULT)
  TABLESPACE "USERS" ;
--------------------------------------------------------
--  DDL for Index PERSON_DIVLI_UK
--------------------------------------------------------

  CREATE UNIQUE INDEX "PERSON_DIVLI_UK" ON "PERSON" ("DIV_LICENSE") 
  PCTFREE 10 INITRANS 2 MAXTRANS 255 COMPUTE STATISTICS 
  STORAGE(INITIAL 65536 NEXT 1048576 MINEXTENTS 1 MAXEXTENTS 2147483645
  PCTINCREASE 0 FREELISTS 1 FREELIST GROUPS 1 BUFFER_POOL DEFAULT FLASH_CACHE DEFAULT CELL_FLASH_CACHE DEFAULT)
  TABLESPACE "USERS" ;
--------------------------------------------------------
--  DDL for Index PERSON_BIRCER_UK
--------------------------------------------------------

  CREATE UNIQUE INDEX "PERSON_BIRCER_UK" ON "PERSON" ("BIRTH_CERTIFICATE") 
  PCTFREE 10 INITRANS 2 MAXTRANS 255 COMPUTE STATISTICS 
  STORAGE(INITIAL 65536 NEXT 1048576 MINEXTENTS 1 MAXEXTENTS 2147483645
  PCTINCREASE 0 FREELISTS 1 FREELIST GROUPS 1 BUFFER_POOL DEFAULT FLASH_CACHE DEFAULT CELL_FLASH_CACHE DEFAULT)
  TABLESPACE "USERS" ;
--------------------------------------------------------
--  DDL for Index PERSON_BANKACC_UK
--------------------------------------------------------

  CREATE UNIQUE INDEX "PERSON_BANKACC_UK" ON "PERSON" ("BANK_ACCT_NO") 
  PCTFREE 10 INITRANS 2 MAXTRANS 255 COMPUTE STATISTICS 
  STORAGE(INITIAL 65536 NEXT 1048576 MINEXTENTS 1 MAXEXTENTS 2147483645
  PCTINCREASE 0 FREELISTS 1 FREELIST GROUPS 1 BUFFER_POOL DEFAULT FLASH_CACHE DEFAULT CELL_FLASH_CACHE DEFAULT)
  TABLESPACE "USERS" ;
--------------------------------------------------------
--  DDL for Index EXPENDITURE_EXPTRANS_ID_PK
--------------------------------------------------------

  CREATE UNIQUE INDEX "EXPENDITURE_EXPTRANS_ID_PK" ON "EXPENDITURE" ("EXPTRANS_ID") 
  PCTFREE 10 INITRANS 2 MAXTRANS 255 COMPUTE STATISTICS 
  STORAGE(INITIAL 65536 NEXT 1048576 MINEXTENTS 1 MAXEXTENTS 2147483645
  PCTINCREASE 0 FREELISTS 1 FREELIST GROUPS 1 BUFFER_POOL DEFAULT FLASH_CACHE DEFAULT CELL_FLASH_CACHE DEFAULT)
  TABLESPACE "USERS" ;
--------------------------------------------------------
--  DDL for Trigger PERSON_INPUT_TRIGGER
--------------------------------------------------------

  CREATE OR REPLACE TRIGGER "PERSON_INPUT_TRIGGER" 
before update or insert or delete on person
begin
if(to_char(sysdate,'day') IN ('friday')) or (to_char(sysdate, 'HH24:MI:SS') not between '9:00' and '18:00')
then 
RAISE_APPLICATION_ERROR(-20043, 'You Are Not Allowed Now');
end if;
end;
/
ALTER TRIGGER "PERSON_INPUT_TRIGGER" DISABLE;
--------------------------------------------------------
--  DDL for Trigger PROJECT_FUND_TRIGGER
--------------------------------------------------------

  CREATE OR REPLACE TRIGGER "PROJECT_FUND_TRIGGER" 
before update or insert on project
for each row
 WHEN (new.p_fund < 500) declare
fund_shortage exception;
begin
raise fund_shortage;
exception
when fund_shortage
then RAISE_APPLICATION_ERROR(-20000, 'There is a shortage in fund');
end;
/
ALTER TRIGGER "PROJECT_FUND_TRIGGER" ENABLE;
--------------------------------------------------------
--  DDL for Trigger W_MICRO_CREDIT_TRIGGER
--------------------------------------------------------

  CREATE OR REPLACE TRIGGER "W_MICRO_CREDIT_TRIGGER" 
before update or insert on W_Micro_Credit
for each row
 WHEN (new.Amount > 20000) declare
high_micro_credit exception;
begin
raise high_micro_credit;
exception
when high_micro_credit
then RAISE_APPLICATION_ERROR(-20000, 'Please Lower The Amount');
end;
/
ALTER TRIGGER "W_MICRO_CREDIT_TRIGGER" ENABLE;
--------------------------------------------------------
--  DDL for Function CUSTOM_AUTH
--------------------------------------------------------

  CREATE OR REPLACE FUNCTION "CUSTOM_AUTH" (p_username in VARCHAR2, p_password in VARCHAR2)
return BOOLEAN
is
  l_password varchar2(4000);
  l_stored_password varchar2(4000);
  l_expires_on date;
  l_count number;
begin
-- First, check to see if the user is in the user table
select count(*) into l_count from demo_users where user_name = p_username;
if l_count > 0 then
  -- First, we fetch the stored hashed password & expire date
  select password, expires_on into l_stored_password, l_expires_on
   from demo_users where user_name = p_username;

  -- Next, we check to see if the user's account is expired
  -- If it is, return FALSE
  if l_expires_on > sysdate or l_expires_on is null then

    -- If the account is not expired, we have to apply the custom hash
    -- function to the password
    l_password := custom_hash(p_username, p_password);

    -- Finally, we compare them to see if they are the same and return
    -- either TRUE or FALSE
    if l_password = l_stored_password then
      return true;
    else
      return false;
    end if;
  else
    return false;
  end if;
else
  -- The username provided is not in the DEMO_USERS table
  return false;
end if;
end;

/
--------------------------------------------------------
--  DDL for Function CUSTOM_HASH
--------------------------------------------------------

  CREATE OR REPLACE FUNCTION "CUSTOM_HASH" (p_username in varchar2, p_password in varchar2)
return varchar2
is
  l_password varchar2(4000);
  l_salt varchar2(4000) := 'DR77ZNR7D1AUN27H5CGPVX0CTC3LVZ';
begin

-- This function should be wrapped, as the hash algorhythm is exposed here.
-- You can change the value of l_salt or the method of which to call the
-- DBMS_OBFUSCATOIN toolkit, but you much reset all of your passwords
-- if you choose to do this.

l_password := utl_raw.cast_to_raw(dbms_obfuscation_toolkit.md5
  (input_string => p_password || substr(l_salt,10,13) || p_username ||
    substr(l_salt, 4,10)));
return l_password;
end;

/
--------------------------------------------------------
--  Constraints for Table ASSETS
--------------------------------------------------------

  ALTER TABLE "ASSETS" ADD CONSTRAINT "ASSETS_ASSET_ID_PK" PRIMARY KEY ("ASSET_ID")
  USING INDEX PCTFREE 10 INITRANS 2 MAXTRANS 255 COMPUTE STATISTICS 
  STORAGE(INITIAL 65536 NEXT 1048576 MINEXTENTS 1 MAXEXTENTS 2147483645
  PCTINCREASE 0 FREELISTS 1 FREELIST GROUPS 1 BUFFER_POOL DEFAULT FLASH_CACHE DEFAULT CELL_FLASH_CACHE DEFAULT)
  TABLESPACE "USERS"  ENABLE;
  ALTER TABLE "ASSETS" ADD CONSTRAINT "ASSETS_TOTAL_PRICE_CK" CHECK (Total_Price>0) ENABLE;
  ALTER TABLE "ASSETS" ADD CONSTRAINT "ASSETS_QUANTITY_CK" CHECK (Quantity>0) ENABLE;
  ALTER TABLE "ASSETS" MODIFY ("TOTAL_PRICE" NOT NULL ENABLE);
  ALTER TABLE "ASSETS" MODIFY ("QUANTITY" NOT NULL ENABLE);
  ALTER TABLE "ASSETS" MODIFY ("BUYING_DATE" NOT NULL ENABLE);
  ALTER TABLE "ASSETS" MODIFY ("ASSET_TYPE" NOT NULL ENABLE);
--------------------------------------------------------
--  Constraints for Table BENEFICIARIES
--------------------------------------------------------

  ALTER TABLE "BENEFICIARIES" MODIFY ("PRESENT_STATUS" NOT NULL ENABLE);
--------------------------------------------------------
--  Constraints for Table BRANCH
--------------------------------------------------------

  ALTER TABLE "BRANCH" ADD CONSTRAINT "BRANCH_BR_ID_PK" PRIMARY KEY ("BR_ID")
  USING INDEX PCTFREE 10 INITRANS 2 MAXTRANS 255 COMPUTE STATISTICS 
  STORAGE(INITIAL 65536 NEXT 1048576 MINEXTENTS 1 MAXEXTENTS 2147483645
  PCTINCREASE 0 FREELISTS 1 FREELIST GROUPS 1 BUFFER_POOL DEFAULT FLASH_CACHE DEFAULT CELL_FLASH_CACHE DEFAULT)
  TABLESPACE "USERS"  ENABLE;
  ALTER TABLE "BRANCH" ADD CONSTRAINT "BRANCH_O_FUND_CK" CHECK (O_Fund>=0) ENABLE;
  ALTER TABLE "BRANCH" MODIFY ("PHONE" NOT NULL ENABLE);
  ALTER TABLE "BRANCH" MODIFY ("EMAIL_ID" NOT NULL ENABLE);
  ALTER TABLE "BRANCH" MODIFY ("POSTAL_CODE" NOT NULL ENABLE);
  ALTER TABLE "BRANCH" MODIFY ("COUNTRY" NOT NULL ENABLE);
  ALTER TABLE "BRANCH" MODIFY ("CITY" NOT NULL ENABLE);
  ALTER TABLE "BRANCH" MODIFY ("HOUSE" NOT NULL ENABLE);
  ALTER TABLE "BRANCH" MODIFY ("ROAD" NOT NULL ENABLE);
  ALTER TABLE "BRANCH" MODIFY ("BR_SENIOR" NOT NULL ENABLE);
  ALTER TABLE "BRANCH" MODIFY ("O_FUND" NOT NULL ENABLE);
  ALTER TABLE "BRANCH" MODIFY ("BR_NAME" NOT NULL ENABLE);
--------------------------------------------------------
--  Constraints for Table CURRENT_JOB
--------------------------------------------------------

  ALTER TABLE "CURRENT_JOB" ADD CONSTRAINT "CUR_JOB_END_DT_CK" CHECK (End_dt>Start_dt) ENABLE;
  ALTER TABLE "CURRENT_JOB" ADD CONSTRAINT "CURRENT_JOB_NO_OF_WORKER_CK" CHECK (No_of_Worker>0) ENABLE;
  ALTER TABLE "CURRENT_JOB" ADD CONSTRAINT "CURRENT_JOB_MONTHLY_INCOME_CK" CHECK (Monthy_income>=0) ENABLE;
  ALTER TABLE "CURRENT_JOB" MODIFY ("OFFICE_ADDR" NOT NULL ENABLE);
  ALTER TABLE "CURRENT_JOB" MODIFY ("START_DT" NOT NULL ENABLE);
  ALTER TABLE "CURRENT_JOB" MODIFY ("MONTHY_INCOME" NOT NULL ENABLE);
  ALTER TABLE "CURRENT_JOB" MODIFY ("TYPE" NOT NULL ENABLE);
--------------------------------------------------------
--  Constraints for Table EDUCATION_QUAL
--------------------------------------------------------

  ALTER TABLE "EDUCATION_QUAL" MODIFY ("EXAMSESSION" NOT NULL ENABLE);
  ALTER TABLE "EDUCATION_QUAL" MODIFY ("EXAMRESULT" NOT NULL ENABLE);
  ALTER TABLE "EDUCATION_QUAL" MODIFY ("PASSING_YR" NOT NULL ENABLE);
  ALTER TABLE "EDUCATION_QUAL" MODIFY ("EXAM_NAME" NOT NULL ENABLE);
--------------------------------------------------------
--  Constraints for Table EMPLOYEE
--------------------------------------------------------

  ALTER TABLE "EMPLOYEE" ADD CONSTRAINT "EMPLOYEE_END_DATE_CK" CHECK (End_date>Join_date) ENABLE;
  ALTER TABLE "EMPLOYEE" MODIFY ("JOIN_DATE" NOT NULL ENABLE);
  ALTER TABLE "EMPLOYEE" MODIFY ("POSITION_RANK" NOT NULL ENABLE);
--------------------------------------------------------
--  Constraints for Table EXPENDITURE
--------------------------------------------------------

  ALTER TABLE "EXPENDITURE" ADD CONSTRAINT "EXPENDITURE_EXPTRANS_ID_PK" PRIMARY KEY ("EXPTRANS_ID")
  USING INDEX PCTFREE 10 INITRANS 2 MAXTRANS 255 COMPUTE STATISTICS 
  STORAGE(INITIAL 65536 NEXT 1048576 MINEXTENTS 1 MAXEXTENTS 2147483645
  PCTINCREASE 0 FREELISTS 1 FREELIST GROUPS 1 BUFFER_POOL DEFAULT FLASH_CACHE DEFAULT CELL_FLASH_CACHE DEFAULT)
  TABLESPACE "USERS"  ENABLE;
  ALTER TABLE "EXPENDITURE" ADD CONSTRAINT "EXPENDITURE_OTHERS_CK" CHECK (Others>0) ENABLE;
  ALTER TABLE "EXPENDITURE" ADD CONSTRAINT "EXPENDITURE_INTERNET_CK" CHECK (Internet>0) ENABLE;
  ALTER TABLE "EXPENDITURE" ADD CONSTRAINT "EXPENDITURE_WATER_CK" CHECK (Water>0) ENABLE;
  ALTER TABLE "EXPENDITURE" ADD CONSTRAINT "EXPENDITURE_ELECTRICITY_CK" CHECK (Electricity>0) ENABLE;
  ALTER TABLE "EXPENDITURE" ADD CONSTRAINT "EXPENDITURE_HOUSE_RENT_CK" CHECK (House_Rent>0) ENABLE;
--------------------------------------------------------
--  Constraints for Table HEALTH_PROJ
--------------------------------------------------------

  ALTER TABLE "HEALTH_PROJ" ADD CONSTRAINT "HEALTH_PROJ_AMOUNT_MAT_CK" CHECK (Amount_mat>0) ENABLE;
  ALTER TABLE "HEALTH_PROJ" MODIFY ("AMOUNT_MAT" NOT NULL ENABLE);
  ALTER TABLE "HEALTH_PROJ" MODIFY ("DONATED_MAT" NOT NULL ENABLE);
  ALTER TABLE "HEALTH_PROJ" MODIFY ("GIVEN_SERVICE" NOT NULL ENABLE);
--------------------------------------------------------
--  Constraints for Table LOGIN_INDEX
--------------------------------------------------------

  ALTER TABLE "LOGIN_INDEX" MODIFY ("LOGIN_INDEX" NOT NULL ENABLE);
--------------------------------------------------------
--  Constraints for Table PERSON
--------------------------------------------------------

  ALTER TABLE "PERSON" ADD CONSTRAINT "PERSON_PASSPORT_UK" UNIQUE ("PASSPORT")
  USING INDEX PCTFREE 10 INITRANS 2 MAXTRANS 255 COMPUTE STATISTICS 
  STORAGE(INITIAL 65536 NEXT 1048576 MINEXTENTS 1 MAXEXTENTS 2147483645
  PCTINCREASE 0 FREELISTS 1 FREELIST GROUPS 1 BUFFER_POOL DEFAULT FLASH_CACHE DEFAULT CELL_FLASH_CACHE DEFAULT)
  TABLESPACE "USERS"  ENABLE;
  ALTER TABLE "PERSON" ADD CONSTRAINT "PERSON_DIVLI_UK" UNIQUE ("DIV_LICENSE")
  USING INDEX PCTFREE 10 INITRANS 2 MAXTRANS 255 COMPUTE STATISTICS 
  STORAGE(INITIAL 65536 NEXT 1048576 MINEXTENTS 1 MAXEXTENTS 2147483645
  PCTINCREASE 0 FREELISTS 1 FREELIST GROUPS 1 BUFFER_POOL DEFAULT FLASH_CACHE DEFAULT CELL_FLASH_CACHE DEFAULT)
  TABLESPACE "USERS"  ENABLE;
  ALTER TABLE "PERSON" ADD CONSTRAINT "PERSON_TIN_UK" UNIQUE ("TIN")
  USING INDEX PCTFREE 10 INITRANS 2 MAXTRANS 255 COMPUTE STATISTICS 
  STORAGE(INITIAL 65536 NEXT 1048576 MINEXTENTS 1 MAXEXTENTS 2147483645
  PCTINCREASE 0 FREELISTS 1 FREELIST GROUPS 1 BUFFER_POOL DEFAULT FLASH_CACHE DEFAULT CELL_FLASH_CACHE DEFAULT)
  TABLESPACE "USERS"  ENABLE;
  ALTER TABLE "PERSON" ADD CONSTRAINT "PERSON_NID_UK" UNIQUE ("NID")
  USING INDEX PCTFREE 10 INITRANS 2 MAXTRANS 255 COMPUTE STATISTICS 
  STORAGE(INITIAL 65536 NEXT 1048576 MINEXTENTS 1 MAXEXTENTS 2147483645
  PCTINCREASE 0 FREELISTS 1 FREELIST GROUPS 1 BUFFER_POOL DEFAULT FLASH_CACHE DEFAULT CELL_FLASH_CACHE DEFAULT)
  TABLESPACE "USERS"  ENABLE;
  ALTER TABLE "PERSON" ADD CONSTRAINT "PERSON_BANKACC_UK" UNIQUE ("BANK_ACCT_NO")
  USING INDEX PCTFREE 10 INITRANS 2 MAXTRANS 255 COMPUTE STATISTICS 
  STORAGE(INITIAL 65536 NEXT 1048576 MINEXTENTS 1 MAXEXTENTS 2147483645
  PCTINCREASE 0 FREELISTS 1 FREELIST GROUPS 1 BUFFER_POOL DEFAULT FLASH_CACHE DEFAULT CELL_FLASH_CACHE DEFAULT)
  TABLESPACE "USERS"  ENABLE;
  ALTER TABLE "PERSON" ADD CONSTRAINT "PERSON_BIRCER_UK" UNIQUE ("BIRTH_CERTIFICATE")
  USING INDEX PCTFREE 10 INITRANS 2 MAXTRANS 255 COMPUTE STATISTICS 
  STORAGE(INITIAL 65536 NEXT 1048576 MINEXTENTS 1 MAXEXTENTS 2147483645
  PCTINCREASE 0 FREELISTS 1 FREELIST GROUPS 1 BUFFER_POOL DEFAULT FLASH_CACHE DEFAULT CELL_FLASH_CACHE DEFAULT)
  TABLESPACE "USERS"  ENABLE;
  ALTER TABLE "PERSON" ADD CONSTRAINT "PERSON_PERSON_ID_PK" PRIMARY KEY ("PERSON_ID")
  USING INDEX PCTFREE 10 INITRANS 2 MAXTRANS 255 COMPUTE STATISTICS 
  STORAGE(INITIAL 65536 NEXT 1048576 MINEXTENTS 1 MAXEXTENTS 2147483645
  PCTINCREASE 0 FREELISTS 1 FREELIST GROUPS 1 BUFFER_POOL DEFAULT FLASH_CACHE DEFAULT CELL_FLASH_CACHE DEFAULT)
  TABLESPACE "USERS"  ENABLE;
  ALTER TABLE "PERSON" ADD CONSTRAINT "PERSON_WEIGHT_CK" CHECK (Weight>0) ENABLE;
  ALTER TABLE "PERSON" ADD CONSTRAINT "PERSON_HEIGHT_CK" CHECK (Height>0) ENABLE;
  ALTER TABLE "PERSON" MODIFY ("WEIGHT" NOT NULL ENABLE);
  ALTER TABLE "PERSON" MODIFY ("HEIGHT" NOT NULL ENABLE);
  ALTER TABLE "PERSON" MODIFY ("BLOOD_GP" NOT NULL ENABLE);
  ALTER TABLE "PERSON" MODIFY ("MOTHER_NAME" NOT NULL ENABLE);
  ALTER TABLE "PERSON" MODIFY ("FATHER_NAME" NOT NULL ENABLE);
  ALTER TABLE "PERSON" MODIFY ("POSTAL_CODE" NOT NULL ENABLE);
  ALTER TABLE "PERSON" MODIFY ("BIRTH_CERTIFICATE" NOT NULL ENABLE);
  ALTER TABLE "PERSON" MODIFY ("NATIONALITY" NOT NULL ENABLE);
  ALTER TABLE "PERSON" MODIFY ("RELIGION" NOT NULL ENABLE);
  ALTER TABLE "PERSON" MODIFY ("GENDER" NOT NULL ENABLE);
  ALTER TABLE "PERSON" MODIFY ("COUNTRY" NOT NULL ENABLE);
  ALTER TABLE "PERSON" MODIFY ("CITY" NOT NULL ENABLE);
  ALTER TABLE "PERSON" MODIFY ("HOUSE" NOT NULL ENABLE);
  ALTER TABLE "PERSON" MODIFY ("ROAD" NOT NULL ENABLE);
  ALTER TABLE "PERSON" MODIFY ("DOB" NOT NULL ENABLE);
  ALTER TABLE "PERSON" MODIFY ("L_NAME" NOT NULL ENABLE);
  ALTER TABLE "PERSON" MODIFY ("F_NAME" NOT NULL ENABLE);
--------------------------------------------------------
--  Constraints for Table PROJECT
--------------------------------------------------------

  ALTER TABLE "PROJECT" ADD CONSTRAINT "PROJECT_P_ID_PK" PRIMARY KEY ("P_ID")
  USING INDEX PCTFREE 10 INITRANS 2 MAXTRANS 255 COMPUTE STATISTICS 
  STORAGE(INITIAL 65536 NEXT 1048576 MINEXTENTS 1 MAXEXTENTS 2147483645
  PCTINCREASE 0 FREELISTS 1 FREELIST GROUPS 1 BUFFER_POOL DEFAULT FLASH_CACHE DEFAULT CELL_FLASH_CACHE DEFAULT)
  TABLESPACE "USERS"  ENABLE;
  ALTER TABLE "PROJECT" ADD CONSTRAINT "PROJECT_P_END_DATE_CH" CHECK (End_Date>Start_Date) ENABLE;
  ALTER TABLE "PROJECT" ADD CONSTRAINT "PROJECT_P_FUND_CH" CHECK (P_Fund>=0) ENABLE;
  ALTER TABLE "PROJECT" ADD CONSTRAINT "PROJECT_BUDGET_CH" CHECK (Budget>0) ENABLE;
  ALTER TABLE "PROJECT" MODIFY ("P_FUND" NOT NULL ENABLE);
  ALTER TABLE "PROJECT" MODIFY ("PROJ_COORD" NOT NULL ENABLE);
  ALTER TABLE "PROJECT" MODIFY ("BUDGET" NOT NULL ENABLE);
  ALTER TABLE "PROJECT" MODIFY ("POSTAL_CODE" NOT NULL ENABLE);
  ALTER TABLE "PROJECT" MODIFY ("CITY" NOT NULL ENABLE);
  ALTER TABLE "PROJECT" MODIFY ("HOUSE" NOT NULL ENABLE);
  ALTER TABLE "PROJECT" MODIFY ("ROAD" NOT NULL ENABLE);
  ALTER TABLE "PROJECT" MODIFY ("START_DATE" NOT NULL ENABLE);
  ALTER TABLE "PROJECT" MODIFY ("P_NAME" NOT NULL ENABLE);
--------------------------------------------------------
--  Constraints for Table PROJ_TRAINING
--------------------------------------------------------

  ALTER TABLE "PROJ_TRAINING" ADD CONSTRAINT "PROJ_TRAINING_STUDENT_NO_CK" CHECK (Student_No>0) ENABLE;
  ALTER TABLE "PROJ_TRAINING" MODIFY ("STUDENT_NO" NOT NULL ENABLE);
  ALTER TABLE "PROJ_TRAINING" MODIFY ("T_TYPE" NOT NULL ENABLE);
--------------------------------------------------------
--  Constraints for Table PUBLICATION
--------------------------------------------------------

  ALTER TABLE "PUBLICATION" ADD CONSTRAINT "PUBLICATION_PUB_ID_PK" PRIMARY KEY ("PUB_ID")
  USING INDEX PCTFREE 10 INITRANS 2 MAXTRANS 255 COMPUTE STATISTICS 
  STORAGE(INITIAL 65536 NEXT 1048576 MINEXTENTS 1 MAXEXTENTS 2147483645
  PCTINCREASE 0 FREELISTS 1 FREELIST GROUPS 1 BUFFER_POOL DEFAULT FLASH_CACHE DEFAULT CELL_FLASH_CACHE DEFAULT)
  TABLESPACE "USERS"  ENABLE;
  ALTER TABLE "PUBLICATION" MODIFY ("PUB_TYPE" NOT NULL ENABLE);
  ALTER TABLE "PUBLICATION" MODIFY ("PUBLISHER" NOT NULL ENABLE);
  ALTER TABLE "PUBLICATION" MODIFY ("PUB_DATE" NOT NULL ENABLE);
  ALTER TABLE "PUBLICATION" MODIFY ("PUB_NAME" NOT NULL ENABLE);
--------------------------------------------------------
--  Constraints for Table REF_RELATION
--------------------------------------------------------

  ALTER TABLE "REF_RELATION" ADD CONSTRAINT "REF_REALTION_REF_ID_PK" PRIMARY KEY ("REF_ID")
  USING INDEX PCTFREE 10 INITRANS 2 MAXTRANS 255 COMPUTE STATISTICS 
  STORAGE(INITIAL 65536 NEXT 1048576 MINEXTENTS 1 MAXEXTENTS 2147483645
  PCTINCREASE 0 FREELISTS 1 FREELIST GROUPS 1 BUFFER_POOL DEFAULT FLASH_CACHE DEFAULT CELL_FLASH_CACHE DEFAULT)
  TABLESPACE "USERS"  ENABLE;
  ALTER TABLE "REF_RELATION" MODIFY ("REFADDRESS" NOT NULL ENABLE);
  ALTER TABLE "REF_RELATION" MODIFY ("REF_PHONE_NO" NOT NULL ENABLE);
  ALTER TABLE "REF_RELATION" MODIFY ("REF_EMAIL" NOT NULL ENABLE);
  ALTER TABLE "REF_RELATION" MODIFY ("REF_NAME" NOT NULL ENABLE);
--------------------------------------------------------
--  Constraints for Table SALARY
--------------------------------------------------------

  ALTER TABLE "SALARY" ADD CONSTRAINT "SALARY_PROV_FUND_CUTTING_CK" CHECK (Prov_Fund_Cutting>=0) ENABLE;
  ALTER TABLE "SALARY" ADD CONSTRAINT "SALARY_MED_ALICE_CK" CHECK (Med_Alice>0) ENABLE;
  ALTER TABLE "SALARY" ADD CONSTRAINT "SALARY_GOVT_TAX_CK" CHECK (Govt_Tax>0) ENABLE;
  ALTER TABLE "SALARY" ADD CONSTRAINT "SALARY_UTSOB_ALICE_CK" CHECK (Utsob_Alice>0) ENABLE;
  ALTER TABLE "SALARY" ADD CONSTRAINT "SALARY_HOUSE_ALICE_CK" CHECK (House_Alice>=0) ENABLE;
  ALTER TABLE "SALARY" ADD CONSTRAINT "SALARY_BASIC_PAY_CK" CHECK (Basic_Pay>0) ENABLE;
  ALTER TABLE "SALARY" ADD CONSTRAINT "SALARY_BONUS_AMOUNT_CK" CHECK (Bonus_Amount>=0) ENABLE;
  ALTER TABLE "SALARY" MODIFY ("PROV_FUND_CUTTING" NOT NULL ENABLE);
  ALTER TABLE "SALARY" MODIFY ("MED_ALICE" NOT NULL ENABLE);
  ALTER TABLE "SALARY" MODIFY ("GOVT_TAX" NOT NULL ENABLE);
  ALTER TABLE "SALARY" MODIFY ("UTSOB_ALICE" NOT NULL ENABLE);
  ALTER TABLE "SALARY" MODIFY ("HOUSE_ALICE" NOT NULL ENABLE);
  ALTER TABLE "SALARY" MODIFY ("BASIC_PAY" NOT NULL ENABLE);
--------------------------------------------------------
--  Constraints for Table TRAINER
--------------------------------------------------------

  ALTER TABLE "TRAINER" MODIFY ("JOIN_DATE" NOT NULL ENABLE);
--------------------------------------------------------
--  Constraints for Table TRAINING
--------------------------------------------------------

  ALTER TABLE "TRAINING" ADD CONSTRAINT "TRAINING_DURATION_CK" CHECK (Duration>0) ENABLE;
  ALTER TABLE "TRAINING" MODIFY ("TRAININGSESSION" NOT NULL ENABLE);
  ALTER TABLE "TRAINING" MODIFY ("TRAININGRESULT" NOT NULL ENABLE);
  ALTER TABLE "TRAINING" MODIFY ("ORG_ADDR" NOT NULL ENABLE);
  ALTER TABLE "TRAINING" MODIFY ("ORG_NAME" NOT NULL ENABLE);
  ALTER TABLE "TRAINING" MODIFY ("TRAINING_NAME" NOT NULL ENABLE);
--------------------------------------------------------
--  Constraints for Table WOMEN_EMP_SEMINAR
--------------------------------------------------------

  ALTER TABLE "WOMEN_EMP_SEMINAR" MODIFY ("SPECIAL_GUEST" NOT NULL ENABLE);
  ALTER TABLE "WOMEN_EMP_SEMINAR" MODIFY ("CHIEF_GUEST" NOT NULL ENABLE);
  ALTER TABLE "WOMEN_EMP_SEMINAR" MODIFY ("SEMINAR_SUBJ" NOT NULL ENABLE);
--------------------------------------------------------
--  Constraints for Table W_MICRO_CREDIT
--------------------------------------------------------

  ALTER TABLE "W_MICRO_CREDIT" ADD CONSTRAINT "W_MICRO_CREDIT_AMOUNT_CK" CHECK (Amount>0) ENABLE;
  ALTER TABLE "W_MICRO_CREDIT" ADD CONSTRAINT "W_MICRO_CREDIT_RATE_CK" CHECK (Rate>0) ENABLE;
  ALTER TABLE "W_MICRO_CREDIT" ADD CONSTRAINT "W_MICRO_CREDIT_DURATION_CK" CHECK (Duration>0) ENABLE;
  ALTER TABLE "W_MICRO_CREDIT" ADD CONSTRAINT "W_MICRO_CREDITNUMINSTAL_CK" CHECK (Num_Installment>0) ENABLE;
  ALTER TABLE "W_MICRO_CREDIT" MODIFY ("AMOUNT" NOT NULL ENABLE);
  ALTER TABLE "W_MICRO_CREDIT" MODIFY ("RATE" NOT NULL ENABLE);
  ALTER TABLE "W_MICRO_CREDIT" MODIFY ("DURATION" NOT NULL ENABLE);
  ALTER TABLE "W_MICRO_CREDIT" MODIFY ("NUM_INSTALLMENT" NOT NULL ENABLE);
--------------------------------------------------------
--  Ref Constraints for Table BENEFICIARIES
--------------------------------------------------------

  ALTER TABLE "BENEFICIARIES" ADD CONSTRAINT "BENE_PERSONID_FK" FOREIGN KEY ("PERSON_ID")
	  REFERENCES "PERSON" ("PERSON_ID") ON DELETE CASCADE ENABLE;
--------------------------------------------------------
--  Ref Constraints for Table BRANCH_ASSET
--------------------------------------------------------

  ALTER TABLE "BRANCH_ASSET" ADD CONSTRAINT "BRANCH_ASSET_ASSETID_FK" FOREIGN KEY ("ASSET_ID")
	  REFERENCES "ASSETS" ("ASSET_ID") ON DELETE CASCADE ENABLE;
  ALTER TABLE "BRANCH_ASSET" ADD CONSTRAINT "BRANCH_ASSET_BR_ID_FK" FOREIGN KEY ("BR_ID")
	  REFERENCES "BRANCH" ("BR_ID") ON DELETE CASCADE ENABLE;
--------------------------------------------------------
--  Ref Constraints for Table BRANCH_EXPENSE
--------------------------------------------------------

  ALTER TABLE "BRANCH_EXPENSE" ADD CONSTRAINT "BRANCH_EXPENSE_BR_ID_FK" FOREIGN KEY ("BR_ID")
	  REFERENCES "BRANCH" ("BR_ID") ON DELETE CASCADE ENABLE;
  ALTER TABLE "BRANCH_EXPENSE" ADD CONSTRAINT "BRANCH_EXPENSE_EXP_ID_FK" FOREIGN KEY ("EXPTRANS_ID")
	  REFERENCES "EXPENDITURE" ("EXPTRANS_ID") ON DELETE CASCADE ENABLE;
--------------------------------------------------------
--  Ref Constraints for Table BRANCH_PROJECT
--------------------------------------------------------

  ALTER TABLE "BRANCH_PROJECT" ADD CONSTRAINT "BRANCH_PROJECT_BR_ID_FK" FOREIGN KEY ("BR_ID")
	  REFERENCES "BRANCH" ("BR_ID") ON DELETE CASCADE ENABLE;
  ALTER TABLE "BRANCH_PROJECT" ADD CONSTRAINT "BRANCH_PROJECT_P_ID_FK" FOREIGN KEY ("P_ID")
	  REFERENCES "PROJECT" ("P_ID") ON DELETE CASCADE ENABLE;
--------------------------------------------------------
--  Ref Constraints for Table BRANCH_PUBLICATION
--------------------------------------------------------

  ALTER TABLE "BRANCH_PUBLICATION" ADD CONSTRAINT "BRANCH_PUBLICATION_BR_ID_FK" FOREIGN KEY ("BR_ID")
	  REFERENCES "BRANCH" ("BR_ID") ON DELETE CASCADE ENABLE;
  ALTER TABLE "BRANCH_PUBLICATION" ADD CONSTRAINT "BRANCH_PUBLICATION_PUB_ID_FK" FOREIGN KEY ("PUB_ID")
	  REFERENCES "PUBLICATION" ("PUB_ID") ON DELETE CASCADE ENABLE;
--------------------------------------------------------
--  Ref Constraints for Table CURRENT_JOB
--------------------------------------------------------

  ALTER TABLE "CURRENT_JOB" ADD CONSTRAINT "CURJOB_PERSON_ID_FK" FOREIGN KEY ("PERSON_ID")
	  REFERENCES "PERSON" ("PERSON_ID") ON DELETE CASCADE ENABLE;
--------------------------------------------------------
--  Ref Constraints for Table DONAR
--------------------------------------------------------

  ALTER TABLE "DONAR" ADD CONSTRAINT "DONAR_PERSONID_FK" FOREIGN KEY ("PERSON_ID")
	  REFERENCES "PERSON" ("PERSON_ID") ON DELETE CASCADE ENABLE;
--------------------------------------------------------
--  Ref Constraints for Table EDUCATION_QUAL
--------------------------------------------------------

  ALTER TABLE "EDUCATION_QUAL" ADD CONSTRAINT "EDUQUAL_PERSONID_FK" FOREIGN KEY ("PERSON_ID")
	  REFERENCES "PERSON" ("PERSON_ID") ON DELETE CASCADE ENABLE;
--------------------------------------------------------
--  Ref Constraints for Table EMPLOYEE
--------------------------------------------------------

  ALTER TABLE "EMPLOYEE" ADD CONSTRAINT "EMP_PERSONID_FK" FOREIGN KEY ("PERSON_ID")
	  REFERENCES "PERSON" ("PERSON_ID") ON DELETE CASCADE ENABLE;
--------------------------------------------------------
--  Ref Constraints for Table EMPLOYEE_BRANCH
--------------------------------------------------------

  ALTER TABLE "EMPLOYEE_BRANCH" ADD CONSTRAINT "EMPLOYEE_BRANCH_BR_ID_FK" FOREIGN KEY ("BR_ID")
	  REFERENCES "BRANCH" ("BR_ID") ON DELETE CASCADE ENABLE;
  ALTER TABLE "EMPLOYEE_BRANCH" ADD CONSTRAINT "EMPLOYEE_BRANCH_PER_ID_FK" FOREIGN KEY ("PERSON_ID")
	  REFERENCES "PERSON" ("PERSON_ID") ON DELETE CASCADE ENABLE;
--------------------------------------------------------
--  Ref Constraints for Table HEALTH_PROJ
--------------------------------------------------------

  ALTER TABLE "HEALTH_PROJ" ADD CONSTRAINT "HEALPROJ_PID_FK" FOREIGN KEY ("P_ID")
	  REFERENCES "PROJECT" ("P_ID") ON DELETE CASCADE ENABLE;
--------------------------------------------------------
--  Ref Constraints for Table PERSON_PROJECT
--------------------------------------------------------

  ALTER TABLE "PERSON_PROJECT" ADD CONSTRAINT "PERSON_PROJECT_PERSON_ID_FK" FOREIGN KEY ("PERSON_ID")
	  REFERENCES "PERSON" ("PERSON_ID") ON DELETE CASCADE ENABLE;
  ALTER TABLE "PERSON_PROJECT" ADD CONSTRAINT "PERSON_PROJECT_P_ID_FK" FOREIGN KEY ("P_ID")
	  REFERENCES "PROJECT" ("P_ID") ON DELETE CASCADE ENABLE;
--------------------------------------------------------
--  Ref Constraints for Table PERSON_PUBLICATION
--------------------------------------------------------

  ALTER TABLE "PERSON_PUBLICATION" ADD CONSTRAINT "PERSON_PUB_PERSON_ID_FK" FOREIGN KEY ("PERSON_ID")
	  REFERENCES "PERSON" ("PERSON_ID") ON DELETE CASCADE ENABLE;
  ALTER TABLE "PERSON_PUBLICATION" ADD CONSTRAINT "PERSON_PUB_PUB_ID_FK" FOREIGN KEY ("PUB_ID")
	  REFERENCES "PUBLICATION" ("PUB_ID") ON DELETE CASCADE ENABLE;
--------------------------------------------------------
--  Ref Constraints for Table PHONE
--------------------------------------------------------

  ALTER TABLE "PHONE" ADD CONSTRAINT "PHN_PERSONID_FK" FOREIGN KEY ("PERSON_ID")
	  REFERENCES "PERSON" ("PERSON_ID") ON DELETE CASCADE ENABLE;
--------------------------------------------------------
--  Ref Constraints for Table PROJECT_ASSET
--------------------------------------------------------

  ALTER TABLE "PROJECT_ASSET" ADD CONSTRAINT "PROJECT_ASSET_ASSET_ID_FK" FOREIGN KEY ("ASSET_ID")
	  REFERENCES "ASSETS" ("ASSET_ID") ON DELETE CASCADE ENABLE;
  ALTER TABLE "PROJECT_ASSET" ADD CONSTRAINT "PROJECT_ASSET_P_ID_FK" FOREIGN KEY ("P_ID")
	  REFERENCES "PROJECT" ("P_ID") ON DELETE CASCADE ENABLE;
--------------------------------------------------------
--  Ref Constraints for Table PROJECT_EXPENDITURE
--------------------------------------------------------

  ALTER TABLE "PROJECT_EXPENDITURE" ADD CONSTRAINT "PROJECT_EXPENDITURE_P_ID_FK" FOREIGN KEY ("P_ID")
	  REFERENCES "PROJECT" ("P_ID") ON DELETE CASCADE ENABLE;
  ALTER TABLE "PROJECT_EXPENDITURE" ADD CONSTRAINT "PROJECT_EXP_EXPTRANS_ID_FK" FOREIGN KEY ("EXPTRANS_ID")
	  REFERENCES "EXPENDITURE" ("EXPTRANS_ID") ON DELETE CASCADE ENABLE;
--------------------------------------------------------
--  Ref Constraints for Table PROJ_TRAINING
--------------------------------------------------------

  ALTER TABLE "PROJ_TRAINING" ADD CONSTRAINT "PROJTRAINING_PID_FK" FOREIGN KEY ("P_ID")
	  REFERENCES "PROJECT" ("P_ID") ON DELETE CASCADE ENABLE;
--------------------------------------------------------
--  Ref Constraints for Table REF_RELATION
--------------------------------------------------------

  ALTER TABLE "REF_RELATION" ADD CONSTRAINT "REF_REL_PERSONID_FK" FOREIGN KEY ("PERSON_ID")
	  REFERENCES "PERSON" ("PERSON_ID") ON DELETE CASCADE ENABLE;
--------------------------------------------------------
--  Ref Constraints for Table TRAINER
--------------------------------------------------------

  ALTER TABLE "TRAINER" ADD CONSTRAINT "TRAINER_PERSONID_FK" FOREIGN KEY ("PERSON_ID")
	  REFERENCES "PERSON" ("PERSON_ID") ON DELETE CASCADE ENABLE;
--------------------------------------------------------
--  Ref Constraints for Table TRAINING
--------------------------------------------------------

  ALTER TABLE "TRAINING" ADD CONSTRAINT "TRAINING_PERSONID_FK" FOREIGN KEY ("PERSON_ID")
	  REFERENCES "PERSON" ("PERSON_ID") ON DELETE CASCADE ENABLE;
--------------------------------------------------------
--  Ref Constraints for Table VOLUNTEER
--------------------------------------------------------

  ALTER TABLE "VOLUNTEER" ADD CONSTRAINT "VOL_PERSONID_FK" FOREIGN KEY ("PERSON_ID")
	  REFERENCES "PERSON" ("PERSON_ID") ON DELETE CASCADE ENABLE;
--------------------------------------------------------
--  Ref Constraints for Table WOMEN_EMP_SEMINAR
--------------------------------------------------------

  ALTER TABLE "WOMEN_EMP_SEMINAR" ADD CONSTRAINT "WEMPSEM_PID_FK" FOREIGN KEY ("P_ID")
	  REFERENCES "PROJECT" ("P_ID") ON DELETE CASCADE ENABLE;
--------------------------------------------------------
--  Ref Constraints for Table W_MICRO_CREDIT
--------------------------------------------------------

  ALTER TABLE "W_MICRO_CREDIT" ADD CONSTRAINT "WMICCRED_PID_FK" FOREIGN KEY ("P_ID")
	  REFERENCES "PROJECT" ("P_ID") ON DELETE CASCADE ENABLE;
